environment_step,critic_loss,actor_loss,temperature_loss,temperature,mean_absolute_residual,critic_gradient_norm,actor_gradient_norm
201,0.5146703720092773,0.22011405229568481,-4.970337390899658,0.07997600734233856,0.015585568733513355,1.7104586362838745,0.5814185738563538
202,0.3308607339859009,0.235178142786026,-4.946961402893066,0.07995202392339706,0.016024213284254074,1.3971335887908936,0.5879931449890137
203,0.4250534176826477,0.2641357481479645,-4.544593334197998,0.07992813736200333,0.014793895184993744,1.5442053079605103,0.5890951752662659
204,0.41777223348617554,0.2435884177684784,-5.607988357543945,0.07990413159132004,0.016269400715827942,1.4673157930374146,0.5893473625183105
205,0.4165434241294861,0.28100794553756714,-4.86842155456543,0.07988017052412033,0.01486274041235447,1.4834595918655396,0.5977177023887634
206,0.38832810521125793,0.27753692865371704,-5.404158115386963,0.07985614240169525,0.016278041526675224,1.4548057317733765,0.6073036789894104
207,0.27487099170684814,0.2956467866897583,-5.407407760620117,0.079832062125206,0.015715885907411575,1.1832987070083618,0.6133474707603455
208,0.30387192964553833,0.31478047370910645,-5.28444242477417,0.07980796694755554,0.016187509521842003,1.25761079788208,0.6308771967887878
209,0.2227163016796112,0.3040314018726349,-6.047135353088379,0.07978373020887375,0.016668906435370445,1.1053513288497925,0.6299231648445129
210,0.24464234709739685,0.3142947256565094,-6.216372966766357,0.07975936681032181,0.017279861494898796,1.0713738203048706,0.6361970901489258
211,0.25189703702926636,0.34233489632606506,-5.724253177642822,0.07973498851060867,0.016553323715925217,1.1350113153457642,0.6421829462051392
212,0.20108097791671753,0.3500840663909912,-6.030527591705322,0.07971054315567017,0.01716192252933979,1.0073217153549194,0.6592441201210022
213,0.1540372371673584,0.386907696723938,-5.3257904052734375,0.07968620210886002,0.01641850732266903,0.8107664585113525,0.6750053763389587
214,0.13837343454360962,0.35573121905326843,-6.7572221755981445,0.07966165989637375,0.01800423115491867,0.7955623269081116,0.6785880923271179
215,0.16276203095912933,0.33376428484916687,-7.630592346191406,0.07963680475950241,0.01927461102604866,0.8594080209732056,0.6726667284965515
216,0.09136650711297989,0.3999849557876587,-6.226695537567139,0.07961195707321167,0.01747903786599636,0.5231627821922302,0.7071975469589233
217,0.12260971963405609,0.3804137110710144,-7.313625812530518,0.07958690077066422,0.01879347302019596,0.6737788915634155,0.7152575254440308
218,0.10768763720989227,0.3830515146255493,-7.344073295593262,0.07956168800592422,0.019009923562407494,0.6997565627098083,0.7103391885757446
219,0.10167072713375092,0.4016888737678528,-7.368870735168457,0.0795363336801529,0.019352804869413376,0.48698240518569946,0.7340408563613892
220,0.09230297803878784,0.43106117844581604,-7.062171936035156,0.07951092720031738,0.018690580502152443,0.4377453327178955,0.7579411864280701
221,0.06561223417520523,0.3894943296909332,-8.758190155029297,0.07948518544435501,0.021697044372558594,0.4079529941082001,0.7575933933258057
222,0.044870972633361816,0.43460166454315186,-7.674884796142578,0.07945936173200607,0.019552063196897507,0.2152106910943985,0.7880706787109375
223,0.08584468066692352,0.40829047560691833,-8.919578552246094,0.07943323999643326,0.02149612084031105,0.177653968334198,0.7859613299369812
224,0.030291538685560226,0.42705464363098145,-8.774724960327148,0.07940692454576492,0.02181573584675789,0.04019993916153908,0.8210036754608154
225,0.07297319173812866,0.4225291609764099,-8.939841270446777,0.07938040047883987,0.021812060847878456,0.11148370057344437,0.806169867515564
226,0.04997425153851509,0.41333699226379395,-9.57831859588623,0.07935362309217453,0.023088211193680763,0.0726417750120163,0.8282999992370605
227,0.06603583693504333,0.432928204536438,-9.353792190551758,0.07932667434215546,0.022416898980736732,0.05666517838835716,0.8516778945922852
228,0.060143496841192245,0.4106811583042145,-10.001587867736816,0.07929947972297668,0.02331962063908577,0.13142907619476318,0.850696325302124
229,0.04764919355511665,0.4087072014808655,-10.119590759277344,0.0792720690369606,0.0248063076287508,0.22584646940231323,0.858123242855072
230,0.06821654736995697,0.38243260979652405,-11.27419376373291,0.07924430817365646,0.026359805837273598,0.4331412613391876,0.8716260194778442
231,0.06149286776781082,0.38465940952301025,-11.222963333129883,0.07921627908945084,0.02582559548318386,0.40244537591934204,0.8892827033996582
232,0.10028354823589325,0.3741675913333893,-11.760119438171387,0.07918795198202133,0.02769792452454567,0.4974137246608734,0.9016462564468384
233,0.09279501438140869,0.3592274487018585,-12.048041343688965,0.07915935665369034,0.027743453159928322,0.43895602226257324,0.9135560989379883
234,0.10522234439849854,0.33112475275993347,-13.1362886428833,0.07913041114807129,0.030268466100096703,0.6361040472984314,0.9193662405014038
235,0.08585424721240997,0.32059532403945923,-13.134267807006836,0.07910117506980896,0.030220892280340195,0.5963758826255798,0.9428033828735352
236,0.08372289687395096,0.2962021827697754,-13.826860427856445,0.07907162606716156,0.03180811554193497,0.5052549839019775,0.9266175627708435
237,0.09643495827913284,0.2764539122581482,-14.348689079284668,0.0790417492389679,0.03529645502567291,0.7072357535362244,0.9570444822311401
238,0.1254897117614746,0.2566014528274536,-14.925162315368652,0.07901156693696976,0.036581628024578094,0.8178338408470154,0.915835976600647
239,0.1482863426208496,0.22274236381053925,-15.438772201538086,0.07898107171058655,0.037304483354091644,0.9284592866897583,0.9501024484634399
240,0.10580214112997055,0.19636878371238708,-16.08934783935547,0.07895027101039886,0.03867902606725693,0.6568828821182251,0.8746986389160156
241,0.1280968189239502,0.1673419177532196,-16.59071159362793,0.0789191797375679,0.04118423908948898,0.899674117565155,0.9238883852958679
242,0.10866007208824158,0.16426481306552887,-16.044288635253906,0.07888791710138321,0.03995982185006142,0.6205545663833618,0.9046720266342163
243,0.13175353407859802,0.1309981495141983,-16.76142692565918,0.0788564532995224,0.04271963611245155,0.7852692008018494,0.8964012861251831
244,0.11705479025840759,0.12934228777885437,-16.561105728149414,0.07882487773895264,0.04189738631248474,0.7621150612831116,0.862012505531311
245,0.147790789604187,0.08955012261867523,-17.910314559936523,0.07879306375980377,0.04672854766249657,0.9198252558708191,0.7999836802482605
246,0.12460792064666748,0.023191258311271667,-19.398704528808594,0.07876092940568924,0.05353914946317673,0.7201436758041382,0.6758614778518677
247,0.1236552745103836,0.00371344992890954,-19.392066955566406,0.07872852683067322,0.0521576814353466,0.7982035875320435,0.7146796584129333
248,0.1090337336063385,0.007367689162492752,-18.837387084960938,0.07869600504636765,0.05362854525446892,0.8086748123168945,0.6518304347991943
249,0.09299852699041367,-0.05365942418575287,-20.528757095336914,0.07866322994232178,0.06223568320274353,0.64116370677948,0.4606403112411499
250,0.1023465096950531,-0.03397827222943306,-19.626312255859375,0.07863036543130875,0.05646946281194687,0.6819986701011658,0.610957145690918
251,0.09700965881347656,-0.08165726065635681,-20.763671875,0.07859732210636139,0.06258658319711685,0.7371057271957397,0.4804794490337372
252,0.09058068692684174,-0.07344971597194672,-20.231903076171875,0.07856421172618866,0.06370919197797775,0.6857947111129761,0.44565263390541077
253,0.0803326666355133,-0.07627283036708832,-20.108339309692383,0.07853110134601593,0.06448666751384735,0.5886543393135071,0.34000489115715027
254,0.07832425832748413,-0.10166485607624054,-20.59823989868164,0.07849795371294022,0.06796801090240479,0.5507631301879883,0.30817708373069763
255,0.059752076864242554,-0.1363624930381775,-20.784330368041992,0.07846477627754211,0.06766906380653381,0.518333375453949,0.30359941720962524
256,0.06579157710075378,-0.10382983088493347,-20.2493839263916,0.07843167334794998,0.07293952256441116,0.4436788260936737,0.18782445788383484
257,0.05023790895938873,-0.15551188588142395,-21.095516204833984,0.07839856296777725,0.07443665713071823,0.3860028386116028,0.11914809048175812
258,0.05070493370294571,-0.1682230532169342,-21.52104949951172,0.07836543023586273,0.07448630034923553,0.40323835611343384,0.21528834104537964
259,0.051296383142471313,-0.15473948419094086,-20.969898223876953,0.07833234965801239,0.07540882378816605,0.3327554166316986,0.25048020482063293
260,0.04993250593543053,-0.17655226588249207,-21.159801483154297,0.07829933613538742,0.07169534265995026,0.3209834396839142,0.2373719960451126
261,0.05116283521056175,-0.1635982245206833,-20.561689376831055,0.07826646417379379,0.07728179544210434,0.20862914621829987,0.22063499689102173
262,0.04686634987592697,-0.1839606612920761,-20.799076080322266,0.07823370397090912,0.07919177412986755,0.2157597690820694,0.24618448317050934
263,0.03678108751773834,-0.18705421686172485,-20.850561141967773,0.07820107042789459,0.07934226095676422,0.24095049500465393,0.3515354096889496
264,0.03298628330230713,-0.21026791632175446,-20.60961151123047,0.0781686007976532,0.08292053639888763,0.2771085500717163,0.3751881718635559
265,0.04256640002131462,-0.18134739995002747,-20.448076248168945,0.07813628762960434,0.08010900020599365,0.13332073390483856,0.3422410190105438
266,0.03312050923705101,-0.22253435850143433,-21.21389389038086,0.07810407131910324,0.07409550249576569,0.14647209644317627,0.14953403174877167
267,0.035117007791996,-0.2126905620098114,-20.793167114257812,0.07807198911905289,0.07989276945590973,0.12588420510292053,0.2943362295627594
268,0.02779705449938774,-0.24031172692775726,-21.40613555908203,0.0780399963259697,0.07789336889982224,0.1309494972229004,0.1849098652601242
269,0.034493450075387955,-0.239988774061203,-21.141761779785156,0.07800811529159546,0.08063673228025436,0.0789778083562851,0.304671049118042
270,0.03548332676291466,-0.21900057792663574,-20.52436065673828,0.07797642797231674,0.08569897711277008,0.03099992126226425,0.38530734181404114
271,0.03462199121713638,-0.24271723628044128,-21.22466468811035,0.07794485241174698,0.079118512570858,0.0797128975391388,0.2726621627807617
272,0.03547070547938347,-0.228092759847641,-20.59701919555664,0.07791344821453094,0.08096813410520554,0.052129801362752914,0.2699171304702759
273,0.026690304279327393,-0.23504474759101868,-20.794410705566406,0.07788219302892685,0.08177314698696136,0.048337362706661224,0.2638852894306183
274,0.03645194321870804,-0.26387086510658264,-21.44115447998047,0.07785101979970932,0.07802923768758774,0.08120528608560562,0.24279038608074188
275,0.030026085674762726,-0.2527351677417755,-21.06265640258789,0.07781997323036194,0.08161396533250809,0.032407812774181366,0.3457510769367218
276,0.02781437709927559,-0.25901010632514954,-21.042116165161133,0.0777890533208847,0.08150140941143036,0.06195937469601631,0.3232497572898865
277,0.024389056488871574,-0.2576156258583069,-21.028162002563477,0.07775825262069702,0.0784587413072586,0.019889602437615395,0.23121032118797302
278,0.028525613248348236,-0.2673139274120331,-21.106796264648438,0.07772757858037949,0.07930444180965424,0.07557392865419388,0.24484379589557648
279,0.024008598178625107,-0.2565147280693054,-21.01618003845215,0.0776970237493515,0.08187339454889297,0.027513183653354645,0.32103753089904785
280,0.025091178715229034,-0.25524359941482544,-20.80390739440918,0.07766663283109665,0.07972065359354019,0.03142654150724411,0.31117188930511475
281,0.013866798020899296,-0.2689017057418823,-20.883878707885742,0.07763638347387314,0.08018817007541656,0.05403512716293335,0.32774287462234497
282,0.027141965925693512,-0.2605690062046051,-21.129751205444336,0.07760623097419739,0.07881511747837067,0.07428395748138428,0.29734960198402405
283,0.017879359424114227,-0.2652621567249298,-20.93937110900879,0.07757621258497238,0.08201716095209122,0.05245709791779518,0.27814653515815735
284,0.03896944224834442,-0.2776496112346649,-21.50289535522461,0.07754625380039215,0.07291628420352936,0.1574789136648178,0.23630519211292267
285,0.021277407184243202,-0.28222689032554626,-21.22970199584961,0.07751638442277908,0.0736459270119667,0.049828846007585526,0.16993509232997894
286,0.02799108996987343,-0.27513450384140015,-21.212594985961914,0.07748661190271378,0.07581701129674911,0.03248780220746994,0.19909484684467316
287,0.021780891343951225,-0.26558640599250793,-21.17218780517578,0.07745695114135742,0.07285066694021225,0.04325854778289795,0.2600107491016388
288,0.03226233273744583,-0.2533092200756073,-21.035341262817383,0.07742740958929062,0.06980879604816437,0.054919008165597916,0.17816658318042755
289,0.01843889430165291,-0.2793383002281189,-21.13359260559082,0.07739797234535217,0.07531248033046722,0.031150376424193382,0.19702577590942383
290,0.02637851983308792,-0.259771466255188,-20.898120880126953,0.07736865431070328,0.0725143626332283,0.05193457007408142,0.1617942452430725
291,0.031086640432476997,-0.27198487520217896,-21.144392013549805,0.07733944058418274,0.07224518805742264,0.10312824696302414,0.2555064260959625
292,0.036054499447345734,-0.2630141079425812,-21.032249450683594,0.07731033116579056,0.07067470997571945,0.07465517520904541,0.23530536890029907
293,0.02233736962080002,-0.27535396814346313,-21.196678161621094,0.07728130370378494,0.07108370959758759,0.062190353870391846,0.20761099457740784
294,0.020272308960556984,-0.2709314823150635,-21.340768814086914,0.07725236564874649,0.0709199532866478,0.03092030994594097,0.2107313573360443
295,0.015295835211873055,-0.288521409034729,-21.63300132751465,0.07722344994544983,0.0701504573225975,0.021481424570083618,0.18992526829242706
296,0.020859824493527412,-0.2692316472530365,-21.10174560546875,0.07719464600086212,0.07571124285459518,0.062173839658498764,0.14912600815296173
297,0.029421430081129074,-0.2613258957862854,-21.133358001708984,0.07716593891382217,0.06924988329410553,0.06646235287189484,0.2797529995441437
298,0.029774155467748642,-0.26511669158935547,-20.966245651245117,0.07713733613491058,0.07242551445960999,0.06716395169496536,0.198365718126297
299,0.016959700733423233,-0.27907809615135193,-21.263076782226562,0.07710881531238556,0.07404802739620209,0.015905871987342834,0.19277700781822205
300,0.012174814939498901,-0.2864583432674408,-21.43353271484375,0.07708034664392471,0.06929298490285873,0.01850820519030094,0.2012559473514557
301,0.02593241259455681,-0.26820188760757446,-21.346895217895508,0.07705193758010864,0.07551085948944092,0.028519755229353905,0.13405641913414001
302,0.014772024005651474,-0.27546143531799316,-21.419021606445312,0.07702359557151794,0.07467448711395264,0.028011469170451164,0.1919349581003189
303,0.016230329871177673,-0.27795207500457764,-21.56783676147461,0.07699530571699142,0.07680098712444305,0.03643452748656273,0.14827851951122284
304,0.020047828555107117,-0.2679210305213928,-21.384281158447266,0.07696707546710968,0.07345862686634064,0.032967839390039444,0.1856163889169693
305,0.027521822601556778,-0.28199294209480286,-21.570167541503906,0.07693889737129211,0.07466136664152145,0.03672374039888382,0.15410681068897247
306,0.02170465514063835,-0.28027671575546265,-21.716215133666992,0.07691074162721634,0.07328541576862335,0.03563782945275307,0.20964621007442474
307,0.03317369148135185,-0.26887401938438416,-21.434646606445312,0.07688265293836594,0.07219568639993668,0.08090393990278244,0.23077893257141113
308,0.025548085570335388,-0.2812668979167938,-21.696542739868164,0.07685461640357971,0.0799526572227478,0.026497064158320427,0.2529848515987396
309,0.028641287237405777,-0.261525422334671,-21.363401412963867,0.07682665437459946,0.07481246441602707,0.09230955690145493,0.16354277729988098
310,0.02922762557864189,-0.26437586545944214,-21.376985549926758,0.07679876685142517,0.07781889289617538,0.06275729835033417,0.1390904188156128
311,0.01864200457930565,-0.258020281791687,-21.153417587280273,0.07677097618579865,0.07977889478206635,0.023912567645311356,0.20246315002441406
312,0.01643282175064087,-0.2663261592388153,-21.23509979248047,0.07674326747655869,0.07419988512992859,0.029004530981183052,0.25164151191711426
313,0.015939075499773026,-0.2822674512863159,-21.594863891601562,0.0767156109213829,0.07686283439397812,0.08953581750392914,0.12112758308649063
314,0.021319856867194176,-0.26556074619293213,-21.493511199951172,0.0766880139708519,0.072233185172081,0.024183830246329308,0.21262387931346893
315,0.024420298635959625,-0.28392255306243896,-21.436378479003906,0.07666046172380447,0.07845646888017654,0.02871703915297985,0.17954689264297485
316,0.02382618933916092,-0.2718226909637451,-21.45148277282715,0.07663298398256302,0.07412262260913849,0.018967008218169212,0.1669979989528656
317,0.02149594947695732,-0.256451278924942,-21.32789421081543,0.07660558074712753,0.07310149818658829,0.02005266770720482,0.21056051552295685
318,0.02240249514579773,-0.27028098702430725,-21.415996551513672,0.07657822221517563,0.07587464153766632,0.02473323605954647,0.16751526296138763
319,0.01652071624994278,-0.273599237203598,-21.595714569091797,0.0765509158372879,0.0772014707326889,0.03617885336279869,0.1184990182518959
320,0.027676783502101898,-0.26651015877723694,-21.42159652709961,0.07652366906404495,0.07716349512338638,0.0781058818101883,0.15409855544567108
321,0.023437105119228363,-0.26529425382614136,-21.533456802368164,0.07649647444486618,0.07710552215576172,0.03078939951956272,0.23067247867584229
322,0.01655290648341179,-0.2604074776172638,-21.44709587097168,0.07646933943033218,0.07611620426177979,0.0463716946542263,0.17494679987430573
323,0.019031984731554985,-0.2631880044937134,-21.391014099121094,0.07644227147102356,0.07569725811481476,0.0830492153763771,0.13288117945194244
324,0.019699402153491974,-0.2753865122795105,-21.725797653198242,0.07641521096229553,0.07766733318567276,0.030582338571548462,0.16033734381198883
325,0.009118080139160156,-0.2819419801235199,-21.468149185180664,0.07638821750879288,0.07061108946800232,0.10255559533834457,0.24355782568454742
326,0.02537938952445984,-0.25947222113609314,-21.498493194580078,0.0763612687587738,0.07505251467227936,0.018219560384750366,0.15402786433696747
327,0.01911066100001335,-0.2653074860572815,-21.528730392456055,0.07633436471223831,0.07486645132303238,0.05060901492834091,0.18409818410873413
328,0.020627528429031372,-0.27229681611061096,-21.676223754882812,0.0763075053691864,0.07541075348854065,0.018060512840747833,0.15189138054847717
329,0.01572832092642784,-0.2851659953594208,-21.692367553710938,0.07628067582845688,0.07939155399799347,0.025451336055994034,0.26305291056632996
330,0.0213998444378376,-0.2742278575897217,-21.671382904052734,0.07625387609004974,0.0743710845708847,0.03429010137915611,0.14569735527038574
331,0.014929849654436111,-0.2722606956958771,-21.53886604309082,0.07622713595628738,0.07639522850513458,0.030884813517332077,0.1042279601097107
332,0.02822922170162201,-0.2709142565727234,-21.580629348754883,0.0762004405260086,0.07497428357601166,0.036372844129800797,0.12725283205509186
333,0.009739719331264496,-0.2763207256793976,-21.572086334228516,0.076173797249794,0.07823600620031357,0.10107339173555374,0.18058648705482483
334,0.017991121858358383,-0.2749384045600891,-21.54172134399414,0.07614719122648239,0.0792444497346878,0.024240992963314056,0.17565621435642242
335,0.026448242366313934,-0.27302905917167664,-21.4095516204834,0.07612065225839615,0.07704905420541763,0.05338774248957634,0.12613360583782196
336,0.016097791492938995,-0.2664492130279541,-21.44339370727539,0.07609418034553528,0.07351059466600418,0.025809677317738533,0.2046341449022293
337,0.018574442714452744,-0.27299848198890686,-21.496402740478516,0.07606775313615799,0.07717116922140121,0.015341733582317829,0.17429299652576447
338,0.020096974447369576,-0.2662815451622009,-21.68427276611328,0.07604134827852249,0.0770084410905838,0.034330595284700394,0.1391998827457428
339,0.010518498718738556,-0.26335328817367554,-21.467138290405273,0.07601499557495117,0.07848397642374039,0.08685771375894547,0.16003793478012085
340,0.019361678510904312,-0.2695007026195526,-21.40174674987793,0.07598870247602463,0.07630020380020142,0.03197333961725235,0.1692117601633072
341,0.0073188855312764645,-0.2763751745223999,-21.42120361328125,0.07596246898174286,0.07723058760166168,0.05782212316989899,0.21860986948013306
342,0.013760531321167946,-0.2788097858428955,-21.73955535888672,0.07593625038862228,0.07428285479545593,0.044322267174720764,0.13349896669387817
343,0.01885129138827324,-0.27299442887306213,-21.829669952392578,0.0759100392460823,0.07694367319345474,0.025798829272389412,0.22095009684562683
344,0.012458819895982742,-0.28474923968315125,-21.613811492919922,0.07588387280702591,0.07165874540805817,0.032499294728040695,0.20920221507549286
345,0.02007983811199665,-0.28320038318634033,-21.79135513305664,0.0758577212691307,0.06815697997808456,0.01953328773379326,0.24903027713298798
346,0.011012553237378597,-0.27123624086380005,-21.53778839111328,0.07583162933588028,0.07363802194595337,0.051900118589401245,0.1915779560804367
347,0.01504108402878046,-0.2730071246623993,-21.586057662963867,0.07580555975437164,0.07796047627925873,0.018397586420178413,0.21032875776290894
348,0.022250045090913773,-0.27641868591308594,-21.496578216552734,0.07577955722808838,0.07427093386650085,0.05883708968758583,0.13037079572677612
349,0.013352740556001663,-0.28944337368011475,-21.883180618286133,0.07575356215238571,0.07288451492786407,0.04521644115447998,0.1975325644016266
350,0.02369178831577301,-0.2643621563911438,-21.49355697631836,0.07572761178016663,0.07653399556875229,0.06870170682668686,0.20119830965995789
351,0.010182296857237816,-0.2991076707839966,-21.79126739501953,0.07570169121026993,0.07681960612535477,0.027742691338062286,0.1754702478647232
352,0.017893951386213303,-0.28786250948905945,-21.454246520996094,0.07567581534385681,0.07288170605897903,0.022220943123102188,0.15133565664291382
353,0.012920156121253967,-0.2770211100578308,-21.592273712158203,0.07564997673034668,0.07953871786594391,0.0512789748609066,0.21863089501857758
354,0.023423124104738235,-0.2780398726463318,-21.60788917541504,0.07562417536973953,0.07436560094356537,0.054444700479507446,0.10664577037096024
355,0.01465306431055069,-0.263211727142334,-21.457714080810547,0.07559843361377716,0.07574189454317093,0.024508317932486534,0.14313705265522003
356,0.022332429885864258,-0.2880147695541382,-21.76372528076172,0.07557269930839539,0.07271836698055267,0.0649576336145401,0.20554187893867493
357,0.0221303328871727,-0.26725587248802185,-21.778881072998047,0.0755469873547554,0.07294006645679474,0.028995366767048836,0.15618550777435303
358,0.01748647354543209,-0.2655233144760132,-21.56096839904785,0.0755213275551796,0.07540859282016754,0.02338237501680851,0.1597464382648468
359,0.020291779190301895,-0.24947112798690796,-21.441726684570312,0.07549571245908737,0.07993222028017044,0.0339602530002594,0.18478652834892273
360,0.016127245500683784,-0.2812017500400543,-21.707914352416992,0.07547011971473694,0.07755686342716217,0.037577711045742035,0.15567167103290558
361,0.01089269109070301,-0.3006923794746399,-21.612483978271484,0.07544457167387009,0.08111418783664703,0.010821493342518806,0.22848162055015564
362,0.01644773781299591,-0.26579973101615906,-21.4857120513916,0.07541906833648682,0.0776759535074234,0.01907598413527012,0.23074853420257568
363,0.026561398059129715,-0.28235265612602234,-21.82771110534668,0.07539357990026474,0.07656531035900116,0.06367561966180801,0.18622823059558868
364,0.02206689864397049,-0.2591552734375,-21.495054244995117,0.07536812871694565,0.0794067308306694,0.04395289719104767,0.15204277634620667
365,0.01587236300110817,-0.2936609983444214,-21.811800003051758,0.07534269243478775,0.07519137114286423,0.08063309639692307,0.12134784460067749
366,0.02012602612376213,-0.2785860300064087,-21.647489547729492,0.07531729340553284,0.07654644548892975,0.058996330946683884,0.24499687552452087
367,0.013347746804356575,-0.2859410345554352,-21.49740982055664,0.0752919390797615,0.07818788290023804,0.00994853675365448,0.11740248650312424
368,0.022389274090528488,-0.2757786810398102,-21.69070816040039,0.07526661455631256,0.07429338246583939,0.048988260328769684,0.2007775604724884
369,0.019375883042812347,-0.2792884409427643,-21.697118759155273,0.075241319835186,0.07524488121271133,0.04061318188905716,0.2028501331806183
370,0.016970550641417503,-0.27134445309638977,-21.642574310302734,0.07521604746580124,0.07868068665266037,0.018494166433811188,0.15649442374706268
371,0.02428082749247551,-0.2688165009021759,-21.7166748046875,0.07519080489873886,0.07257534563541412,0.05149463936686516,0.1945192813873291
372,0.023397056385874748,-0.28036248683929443,-21.73777961730957,0.07516556978225708,0.07561303675174713,0.05732705071568489,0.14807181060314178
373,0.018401149660348892,-0.296574205160141,-22.018428802490234,0.0751403197646141,0.07443993538618088,0.016457661986351013,0.15370281040668488
374,0.016296107321977615,-0.2876166105270386,-21.955793380737305,0.07511508464813232,0.06985057145357132,0.04042976349592209,0.1971615105867386
375,0.014702880755066872,-0.28656110167503357,-21.820003509521484,0.07508987188339233,0.07708923518657684,0.031200813129544258,0.1664324253797531
376,0.01731739193201065,-0.2762269377708435,-21.76763153076172,0.07506468892097473,0.07398254424333572,0.026497140526771545,0.22390785813331604
377,0.017751701176166534,-0.27272433042526245,-21.62167739868164,0.07503954321146011,0.07813137024641037,0.050819750875234604,0.13326925039291382
378,0.014300569891929626,-0.28040990233421326,-21.646194458007812,0.07501442730426788,0.07940103113651276,0.028309237211942673,0.10366792231798172
379,0.011839604005217552,-0.28503185510635376,-21.703628540039062,0.07498936355113983,0.07762742042541504,0.024751761928200722,0.21163678169250488
380,0.016148360446095467,-0.2821357846260071,-21.726755142211914,0.07496431469917297,0.07597637921571732,0.027148492634296417,0.13359257578849792
381,0.020315788686275482,-0.2693108916282654,-21.819984436035156,0.07493928074836731,0.07691635936498642,0.026289712637662888,0.10569260269403458
382,0.008622887544333935,-0.28353291749954224,-21.79146957397461,0.07491426914930344,0.07424949109554291,0.0767725259065628,0.17961597442626953
383,0.015150652267038822,-0.2747579514980316,-21.84998321533203,0.07488927245140076,0.07462956756353378,0.02715284936130047,0.19398728013038635
384,0.02067013457417488,-0.2851856052875519,-21.646522521972656,0.07486431300640106,0.07747352123260498,0.021414265036582947,0.1454426348209381
385,0.02474161610007286,-0.29661858081817627,-21.690181732177734,0.07483939826488495,0.07654723525047302,0.10894857347011566,0.14965490996837616
386,0.015085630118846893,-0.27820417284965515,-21.703250885009766,0.07481451332569122,0.07486629486083984,0.08194740116596222,0.17215611040592194
387,0.019231928512454033,-0.293354868888855,-21.91671371459961,0.0747896358370781,0.07584680616855621,0.027017662301659584,0.18493424355983734
388,0.009840679354965687,-0.2885080575942993,-21.84721565246582,0.07476476579904556,0.07593860477209091,0.05868237838149071,0.19900986552238464
389,0.01869220659136772,-0.2854005694389343,-21.80651092529297,0.07473991811275482,0.07228825241327286,0.056558672338724136,0.1503436118364334
390,0.01662333309650421,-0.292153924703598,-21.826000213623047,0.07471510022878647,0.07424180954694748,0.06892012059688568,0.20381766557693481
391,0.012333720922470093,-0.28871840238571167,-21.786386489868164,0.0746903046965599,0.07891945540904999,0.019495170563459396,0.21679449081420898
392,0.0037030044477432966,-0.3065606951713562,-22.115169525146484,0.07466550916433334,0.0727994292974472,0.08984684944152832,0.17810222506523132
393,0.01123824529349804,-0.29718366265296936,-21.797164916992188,0.07464072853326797,0.07127790153026581,0.04306374117732048,0.1942809373140335
394,0.01888178661465645,-0.2879337668418884,-21.621923446655273,0.07461600005626678,0.08305145800113678,0.03565378114581108,0.2722194492816925
395,0.014835440553724766,-0.3003886342048645,-21.667240142822266,0.07459130883216858,0.08010339736938477,0.0314134918153286,0.24908529222011566
396,0.01274425070732832,-0.3025846779346466,-22.04218864440918,0.07456661015748978,0.07574497908353806,0.028712797909975052,0.1474103480577469
397,0.01480794046074152,-0.29921531677246094,-21.712512969970703,0.07454195618629456,0.07819974422454834,0.018771441653370857,0.19506964087486267
398,0.014712326228618622,-0.3082350492477417,-21.91180419921875,0.07451730966567993,0.07439830154180527,0.02308374084532261,0.20083461701869965
399,0.01263074204325676,-0.3022753596305847,-21.764917373657227,0.0744926929473877,0.07507499307394028,0.0308278389275074,0.15894225239753723
400,0.020581334829330444,-0.2879233658313751,-21.870908737182617,0.07446809858083725,0.0753592699766159,0.022579846903681755,0.12455163151025772
401,0.012840477749705315,-0.30002841353416443,-21.810590744018555,0.0744435265660286,0.07711173593997955,0.021921493113040924,0.1878446787595749
402,0.007699156180024147,-0.2950569987297058,-21.79120445251465,0.07441898435354233,0.07706014066934586,0.04562429338693619,0.13335569202899933
403,0.014863129705190659,-0.29700997471809387,-21.858009338378906,0.07439445704221725,0.07661814987659454,0.025251269340515137,0.12590409815311432
404,0.01335304044187069,-0.2994515597820282,-21.812700271606445,0.07436994463205338,0.07591817528009415,0.019638027995824814,0.1317206472158432
405,0.008408591151237488,-0.29788193106651306,-21.727771759033203,0.07434547692537308,0.07691080123186111,0.020314130932092667,0.21689864993095398
406,0.013404887169599533,-0.29369908571243286,-21.820796966552734,0.07432102411985397,0.07674703001976013,0.031830985099077225,0.23657675087451935
407,0.013032682240009308,-0.32086920738220215,-21.612545013427734,0.07429660856723785,0.07864309847354889,0.015500541776418686,0.13258099555969238
408,0.014750128611922264,-0.3094851076602936,-21.98709487915039,0.07427220046520233,0.07121113687753677,0.02004207856953144,0.18859712779521942
409,0.01619967445731163,-0.29993730783462524,-21.85559844970703,0.0742478221654892,0.07487333565950394,0.03458673879504204,0.17181254923343658
410,0.01694999262690544,-0.3034336268901825,-21.813255310058594,0.07422347366809845,0.07431160658597946,0.03854740411043167,0.11455454677343369
411,0.01170315407216549,-0.31345051527023315,-21.753442764282227,0.0741991400718689,0.07545801252126694,0.023529725149273872,0.10438595712184906
412,0.008381422609090805,-0.30441319942474365,-21.824039459228516,0.07417483627796173,0.0792253389954567,0.041070979088544846,0.1158980131149292
413,0.014997302554547787,-0.29884520173072815,-21.968339920043945,0.07415054738521576,0.07502306997776031,0.02678908035159111,0.1268358826637268
414,0.014463596977293491,-0.29814720153808594,-21.827802658081055,0.07412625849246979,0.0754520520567894,0.026574471965432167,0.1972244679927826
415,0.01778346672654152,-0.2939286530017853,-21.780624389648438,0.0741019994020462,0.07993318885564804,0.03219255805015564,0.1237567812204361
416,0.019706381484866142,-0.30665335059165955,-21.87114715576172,0.07407776266336441,0.07858171314001083,0.0438234880566597,0.15674430131912231
417,0.009418562054634094,-0.31735825538635254,-21.968505859375,0.07405353337526321,0.07594215124845505,0.031704071909189224,0.16413159668445587
418,0.02430134080350399,-0.2986195683479309,-21.81132698059082,0.0740293338894844,0.07601951062679291,0.06377684324979782,0.12347837537527084
419,0.011328894644975662,-0.3211286664009094,-22.08969497680664,0.0740051195025444,0.07151371985673904,0.027565427124500275,0.1318763643503189
420,0.009461707435548306,-0.2933947443962097,-21.888269424438477,0.07398093491792679,0.07583896070718765,0.06181991845369339,0.11124013364315033
421,0.01625973917543888,-0.29863831400871277,-21.85399627685547,0.07395677268505096,0.07535893470048904,0.02930879406630993,0.13934527337551117
422,0.013781518675386906,-0.29177922010421753,-21.87030029296875,0.07393264025449753,0.07448036968708038,0.026777448132634163,0.10114229470491409
423,0.014775145798921585,-0.3121688961982727,-21.833749771118164,0.07390850782394409,0.07463487982749939,0.05550280585885048,0.14568683505058289
424,0.017365358769893646,-0.30657947063446045,-21.904558181762695,0.07388440519571304,0.07712181657552719,0.03185933828353882,0.12789055705070496
425,0.01289554126560688,-0.3091678023338318,-21.99247169494629,0.07386031746864319,0.07512333989143372,0.009374580346047878,0.1282055377960205
426,0.015528865158557892,-0.304553359746933,-21.92431640625,0.07383624464273453,0.07650457322597504,0.02970261126756668,0.18078495562076569
427,0.010709811002016068,-0.3035687506198883,-22.043685913085938,0.07381216436624527,0.07783831655979156,0.032257311046123505,0.22070468962192535
428,0.013618377968668938,-0.300287663936615,-21.85747718811035,0.0737881138920784,0.07948245853185654,0.04902397096157074,0.13107159733772278
429,0.009928992949426174,-0.2996143102645874,-21.938138961791992,0.07376408576965332,0.07642946392297745,0.020505426451563835,0.21875284612178802
430,0.03452204912900925,-0.2915631830692291,-21.85177993774414,0.07374008744955063,0.07342938333749771,0.08596974611282349,0.20493122935295105
431,0.01345400046557188,-0.3017462193965912,-22.024667739868164,0.07371608912944794,0.07619573175907135,0.05731746181845665,0.15869426727294922
432,0.010581981390714645,-0.30165883898735046,-21.896915435791016,0.07369212061166763,0.07456930726766586,0.06595682352781296,0.14017356932163239
433,0.012028759345412254,-0.314920574426651,-21.967164993286133,0.07366815954446793,0.07483113557100296,0.027897700667381287,0.17929917573928833
434,0.012776159681379795,-0.3071771562099457,-21.996448516845703,0.07364420592784882,0.07388855516910553,0.039432819932699203,0.1431306153535843
435,0.013966789469122887,-0.299506276845932,-21.80695152282715,0.07362029701471329,0.07774825394153595,0.02220270223915577,0.15363992750644684
436,0.010780716314911842,-0.308041512966156,-21.950891494750977,0.07359639555215836,0.07942844927310944,0.0658210888504982,0.23733699321746826
437,0.010474318638443947,-0.2989498972892761,-21.850616455078125,0.07357251644134521,0.07655221968889236,0.055194977670907974,0.15858274698257446
438,0.011386720463633537,-0.32541874051094055,-21.939706802368164,0.07354866713285446,0.07849594205617905,0.02147938869893551,0.12382567673921585
439,0.006092358380556107,-0.30663931369781494,-21.79784393310547,0.0735248401761055,0.07850731909275055,0.031168702989816666,0.17935627698898315
440,0.015833783894777298,-0.32242053747177124,-22.048921585083008,0.07350102066993713,0.07205473631620407,0.012361315079033375,0.11307850480079651
441,0.027298789471387863,-0.2903537452220917,-21.812660217285156,0.07347722351551056,0.07643424719572067,0.05077701434493065,0.15518233180046082
442,0.013309665024280548,-0.30276983976364136,-21.915340423583984,0.07345345616340637,0.07386907935142517,0.037410736083984375,0.17843890190124512
443,0.015575028955936432,-0.30604273080825806,-22.136259078979492,0.07342968136072159,0.07377290725708008,0.03359098732471466,0.2086426317691803
444,0.015513835474848747,-0.31121310591697693,-21.982927322387695,0.0734059289097786,0.07380472123622894,0.022871745750308037,0.22982682287693024
445,0.020253177732229233,-0.30524975061416626,-22.069917678833008,0.07338216155767441,0.0778382271528244,0.06027660891413689,0.16439874470233917
446,0.01417536661028862,-0.3156026303768158,-22.041641235351562,0.07335842400789261,0.0788118839263916,0.019009696319699287,0.11187466233968735
447,0.0091566052287817,-0.3010559678077698,-21.710872650146484,0.07333473116159439,0.0810467004776001,0.04559071362018585,0.2200530767440796
448,0.019779425114393234,-0.3069538176059723,-21.921344757080078,0.07331104576587677,0.07920576632022858,0.03964155539870262,0.17001022398471832
449,0.025688210502266884,-0.2966243624687195,-21.881240844726562,0.07328738272190094,0.08032850176095963,0.08621416985988617,0.1870182305574417
450,0.01729368045926094,-0.29069286584854126,-22.056720733642578,0.0732637271285057,0.06928575783967972,0.03333858773112297,0.18380828201770782
451,0.009989606216549873,-0.2968169152736664,-21.872787475585938,0.07324009388685226,0.08072368800640106,0.016115698963403702,0.15200982987880707
452,0.01764790154993534,-0.29551851749420166,-21.803083419799805,0.073216512799263,0.07741254568099976,0.02240939252078533,0.12051217257976532
453,0.021776337176561356,-0.2960948348045349,-21.945960998535156,0.07319293171167374,0.07864310592412949,0.028510402888059616,0.15017101168632507
454,0.008988095447421074,-0.31067514419555664,-21.97477912902832,0.07316935807466507,0.07412327826023102,0.029454262927174568,0.19240789115428925
455,0.015590496361255646,-0.31956249475479126,-21.888587951660156,0.07314581423997879,0.07322824746370316,0.023804284632205963,0.1943887174129486
456,0.01659546047449112,-0.3287788927555084,-22.13741683959961,0.07312227040529251,0.07837153226137161,0.009569134563207626,0.16880911588668823
457,0.01566994935274124,-0.3110730051994324,-21.982242584228516,0.07309874147176743,0.0764918401837349,0.03604000061750412,0.1505933701992035
458,0.011920344084501266,-0.3148227632045746,-21.97163963317871,0.07307521253824234,0.07428222894668579,0.02614974044263363,0.15340404212474823
459,0.023150701075792313,-0.30064889788627625,-22.011123657226562,0.07305171340703964,0.07821452617645264,0.027029812335968018,0.1876865029335022
460,0.019437892362475395,-0.29334983229637146,-22.059619903564453,0.07302822172641754,0.07720546424388885,0.015576284378767014,0.12254811078310013
461,0.008718231692910194,-0.3286668658256531,-21.971052169799805,0.07300474494695663,0.07465244829654694,0.015505990944802761,0.15173685550689697
462,0.011319056153297424,-0.3017222583293915,-22.008073806762695,0.07298128306865692,0.07613565027713776,0.05033928155899048,0.1405724585056305
463,0.02327895350754261,-0.323570191860199,-22.089550018310547,0.0729578286409378,0.07661400735378265,0.027649816125631332,0.21010267734527588
464,0.02305014431476593,-0.32256996631622314,-22.1240234375,0.07293436676263809,0.07491141557693481,0.04089127108454704,0.1604008823633194
465,0.017551999539136887,-0.31273266673088074,-22.09992218017578,0.07291091233491898,0.0751066654920578,0.03002489171922207,0.13815735280513763
466,0.013309506699442863,-0.3278215229511261,-22.064289093017578,0.07288748770952225,0.07531480491161346,0.025133708491921425,0.1671973615884781
467,0.010127414017915726,-0.3252730369567871,-21.980693817138672,0.07286406308412552,0.07425384968519211,0.0823393389582634,0.16146257519721985
468,0.021567072719335556,-0.2914285361766815,-21.98316764831543,0.07284066826105118,0.07569717615842819,0.01406823005527258,0.10339537262916565
469,0.016001924872398376,-0.31451791524887085,-22.039432525634766,0.07281728088855743,0.07522400468587875,0.024352557957172394,0.1525648534297943
470,0.018961522728204727,-0.30950480699539185,-21.963294982910156,0.07279391586780548,0.07719630002975464,0.011928173713386059,0.10525393486022949
471,0.022641927003860474,-0.3244956135749817,-21.921520233154297,0.07277057319879532,0.0800776332616806,0.08341957628726959,0.16496175527572632
472,0.01119234599173069,-0.3137240409851074,-22.064167022705078,0.07274726033210754,0.07483787089586258,0.04684842750430107,0.13854318857192993
473,0.014192083850502968,-0.3123326003551483,-21.940214157104492,0.07272395491600037,0.07612915337085724,0.028360603377223015,0.14427347481250763
474,0.011628751643002033,-0.3322031795978546,-22.128646850585938,0.07270065695047379,0.07086195051670074,0.05532681941986084,0.23117202520370483
475,0.015550622716546059,-0.3034570515155792,-21.843318939208984,0.07267739623785019,0.07699425518512726,0.053543318063020706,0.15412893891334534
476,0.024007057771086693,-0.32408517599105835,-22.183626174926758,0.072654128074646,0.07412385195493698,0.05792273208498955,0.11481963098049164
477,0.02705470845103264,-0.3060515522956848,-22.166921615600586,0.0726308673620224,0.07151319086551666,0.07201939821243286,0.2009541094303131
478,0.008053475990891457,-0.33271098136901855,-22.012676239013672,0.07260762155056,0.0785321295261383,0.020302297547459602,0.18494205176830292
479,0.017775285989046097,-0.31966567039489746,-22.07602310180664,0.07258439064025879,0.07792757451534271,0.027611177414655685,0.12846212089061737
480,0.013929770328104496,-0.34950006008148193,-22.13452911376953,0.07256116718053818,0.07530868053436279,0.01778509095311165,0.13387221097946167
481,0.008478855714201927,-0.3276306986808777,-21.93925666809082,0.07253797352313995,0.07583250105381012,0.08070965856313705,0.11823338270187378
482,0.023389164358377457,-0.32228007912635803,-22.001750946044922,0.07251478731632233,0.07686885446310043,0.04205368086695671,0.1563122272491455
483,0.022306304425001144,-0.295495867729187,-21.9964542388916,0.07249162346124649,0.07504305988550186,0.043914537876844406,0.18342570960521698
484,0.015316639095544815,-0.3143783509731293,-22.10816764831543,0.07246846705675125,0.07173436880111694,0.0286298468708992,0.20645879209041595
485,0.015425427816808224,-0.3112846314907074,-21.931589126586914,0.0724453330039978,0.07844923436641693,0.04367551952600479,0.12546531856060028
486,0.027227170765399933,-0.30442479252815247,-22.07017707824707,0.07242222875356674,0.07630550861358643,0.057369429618120193,0.07909396290779114
487,0.016398556530475616,-0.3067542612552643,-22.00896644592285,0.07239913195371628,0.07712037861347198,0.04376921430230141,0.11299266666173935
488,0.011392909102141857,-0.31561437249183655,-22.110294342041016,0.07237603515386581,0.07695440202951431,0.03747950494289398,0.13701336085796356
489,0.017735734581947327,-0.3014944791793823,-22.172882080078125,0.07235295325517654,0.07480521500110626,0.031141167506575584,0.17279338836669922
490,0.008344413712620735,-0.3226501941680908,-22.09143829345703,0.07232987880706787,0.07727685570716858,0.015744566917419434,0.1887006163597107
491,0.0057806530967354774,-0.32558977603912354,-22.087520599365234,0.0723068043589592,0.07685554772615433,0.022005200386047363,0.16903787851333618
492,0.01430780254304409,-0.32171210646629333,-22.05139923095703,0.07228375971317291,0.07648126780986786,0.021108539775013924,0.0805126205086708
493,0.011547856964170933,-0.31644001603126526,-22.184648513793945,0.07226072251796722,0.07833032310009003,0.016018640249967575,0.21855759620666504
494,0.01627272740006447,-0.30167868733406067,-21.968332290649414,0.07223770767450333,0.07636714726686478,0.03236020356416702,0.18730419874191284
495,0.0043540894985198975,-0.3285372853279114,-22.10846519470215,0.07221470028162003,0.07769567519426346,0.044657088816165924,0.2298162281513214
496,0.01038991380482912,-0.3197745978832245,-22.012340545654297,0.07219172269105911,0.07718800008296967,0.014432046562433243,0.16582679748535156
497,0.017092451453208923,-0.3292948007583618,-22.12241554260254,0.0721687451004982,0.07609269767999649,0.035091012716293335,0.2213548868894577
498,0.018015056848526,-0.3292236626148224,-22.05615234375,0.07214578241109848,0.07719476521015167,0.035368725657463074,0.1433391124010086
499,0.012947456911206245,-0.3233266770839691,-22.07513427734375,0.07212284207344055,0.07577625662088394,0.026103580370545387,0.12743082642555237
500,0.007703288923949003,-0.3540269732475281,-22.188966751098633,0.07209990173578262,0.07736484706401825,0.06234375759959221,0.15954557061195374
501,0.016821958124637604,-0.3262324631214142,-22.18212127685547,0.07207697629928589,0.07554208487272263,0.04998473450541496,0.15215589106082916
502,0.008231818675994873,-0.33269256353378296,-22.200834274291992,0.07205403596162796,0.07615073770284653,0.03945128619670868,0.18139871954917908
503,0.012167765758931637,-0.3317398428916931,-22.123682022094727,0.07203112542629242,0.07580016553401947,0.019649801775813103,0.18503648042678833
504,0.019473478198051453,-0.32504135370254517,-22.209680557250977,0.07200822234153748,0.0728578120470047,0.062109705060720444,0.1241493746638298
505,0.021916015073657036,-0.31398001313209534,-22.10511016845703,0.07198531925678253,0.07791013270616531,0.07888668030500412,0.21416006982326508
506,0.015393697656691074,-0.32727131247520447,-22.259136199951172,0.07196243107318878,0.07312319427728653,0.0351102314889431,0.1649853140115738
507,0.02517496794462204,-0.3358575701713562,-22.07659912109375,0.07193954288959503,0.0787978321313858,0.11968561261892319,0.10619102418422699
508,0.013873212039470673,-0.3184070289134979,-22.035728454589844,0.07191668450832367,0.07748177647590637,0.025683565065264702,0.13470062613487244
509,0.009416736662387848,-0.353338360786438,-22.028244018554688,0.0718938484787941,0.07899793237447739,0.017758624628186226,0.12252835184335709
510,0.01906527206301689,-0.3259093165397644,-22.187896728515625,0.07187101989984512,0.0744323879480362,0.02940804325044155,0.20615458488464355
511,0.014099814929068089,-0.33328813314437866,-22.075706481933594,0.07184822112321854,0.0815662294626236,0.014870301820337772,0.18134312331676483
512,0.014885151758790016,-0.3466888964176178,-22.142541885375977,0.07182542234659195,0.07518094778060913,0.07794126123189926,0.1767844557762146
513,0.017279747873544693,-0.3228696882724762,-22.12537956237793,0.07180265337228775,0.07683372497558594,0.03786809369921684,0.1405603140592575
514,0.01267288252711296,-0.33549630641937256,-22.240562438964844,0.07177986949682236,0.07228726148605347,0.013119472190737724,0.17002277076244354
515,0.02641102485358715,-0.30988264083862305,-22.034711837768555,0.07175710797309875,0.07760389149188995,0.10704721510410309,0.2357000708580017
516,0.01650986634194851,-0.31947678327560425,-22.154951095581055,0.07173436135053635,0.07789266854524612,0.043628305196762085,0.13129402697086334
517,0.015639308840036392,-0.32474926114082336,-22.15947723388672,0.07171163707971573,0.07839877903461456,0.029617011547088623,0.14509141445159912
518,0.023967541754245758,-0.327912837266922,-22.329545974731445,0.07168889790773392,0.07223401963710785,0.08852003514766693,0.1880490928888321
519,0.03125759959220886,-0.317132830619812,-22.14179039001465,0.0716661736369133,0.07883742451667786,0.056433968245983124,0.19696520268917084
520,0.011590911075472832,-0.32843491435050964,-22.259462356567383,0.07164344936609268,0.0728975161910057,0.04218464344739914,0.14350178837776184
521,0.01330346055328846,-0.32861876487731934,-22.084522247314453,0.07162075489759445,0.07838873565196991,0.04605499282479286,0.1278223991394043
522,0.019614724442362785,-0.30439069867134094,-22.101741790771484,0.07159807533025742,0.07944529503583908,0.025174058973789215,0.14320816099643707
523,0.023175600916147232,-0.3188331127166748,-22.184986114501953,0.07157541066408157,0.07892067730426788,0.03022519126534462,0.20184358954429626
524,0.00969331432133913,-0.3348570764064789,-22.267112731933594,0.07155275344848633,0.0779399499297142,0.03540784865617752,0.20793771743774414
525,0.016243454068899155,-0.3231457769870758,-22.058929443359375,0.07153011858463287,0.07472117990255356,0.05341588705778122,0.18263550102710724
526,0.009043172933161259,-0.3262942433357239,-22.00334358215332,0.07150750607252121,0.07922746241092682,0.08355454355478287,0.15915273129940033
527,0.022829750552773476,-0.29567912220954895,-22.15526008605957,0.07148490846157074,0.07619509845972061,0.028949035331606865,0.10325431823730469
528,0.016889525577425957,-0.3447173535823822,-22.066303253173828,0.07146232575178146,0.07370929419994354,0.054397616535425186,0.17062123119831085
529,0.014226557686924934,-0.3167671263217926,-22.25108528137207,0.07143975794315338,0.07432553917169571,0.03151455149054527,0.14196686446666718
530,0.01928577572107315,-0.30654335021972656,-22.06151580810547,0.07141720503568649,0.07522790133953094,0.030291739851236343,0.11671577394008636
531,0.015795249491930008,-0.33945026993751526,-22.206954956054688,0.0713946670293808,0.07820028066635132,0.061036016792058945,0.13716667890548706
532,0.009319758042693138,-0.3321002423763275,-22.090679168701172,0.0713721364736557,0.07935623824596405,0.02351081743836403,0.20536379516124725
533,0.014708940871059895,-0.3313208222389221,-22.15958023071289,0.0713496282696724,0.07284672558307648,0.02849743701517582,0.1919950693845749
534,0.01566864363849163,-0.3280370533466339,-22.299245834350586,0.0713271051645279,0.0694703757762909,0.03644329309463501,0.23940962553024292
535,0.01195578183978796,-0.3416036069393158,-22.240446090698242,0.07130459696054459,0.07485012710094452,0.034203577786684036,0.14728906750679016
536,0.009327594190835953,-0.34318551421165466,-22.32735252380371,0.07128207385540009,0.077691450715065,0.017070934176445007,0.20988048613071442
537,0.013310674577951431,-0.32030418515205383,-22.216327667236328,0.07125957310199738,0.07480847090482712,0.0492430217564106,0.15655533969402313
538,0.02351376973092556,-0.31357741355895996,-22.107074737548828,0.07123710215091705,0.07798369973897934,0.019480954855680466,0.17036111652851105
539,0.019224775955080986,-0.32572999596595764,-22.141441345214844,0.07121463119983673,0.0765141099691391,0.037752315402030945,0.14629633724689484
540,0.017925076186656952,-0.3236273229122162,-22.22846031188965,0.0711921751499176,0.07292972505092621,0.05876806378364563,0.19260476529598236
541,0.010729337111115456,-0.32726579904556274,-22.22922134399414,0.07116971909999847,0.07620439678430557,0.042515188455581665,0.10399884730577469
542,0.006546664517372847,-0.3199574649333954,-22.21621322631836,0.07114727795124054,0.07501957565546036,0.07729139924049377,0.12096874415874481
543,0.014865467324852943,-0.34000536799430847,-22.201335906982422,0.0711248591542244,0.0745108500123024,0.03366370126605034,0.165239155292511
544,0.02283409982919693,-0.3333459794521332,-22.339731216430664,0.07110242545604706,0.07760273665189743,0.09895233064889908,0.14957723021507263
545,0.015828482806682587,-0.3361476957798004,-22.22605323791504,0.07108001410961151,0.07711148262023926,0.018753834068775177,0.17727117240428925
546,0.018504925072193146,-0.34192562103271484,-22.21504783630371,0.07105761766433716,0.07986569404602051,0.06665626168251038,0.18340100347995758
547,0.01042708195745945,-0.3302616775035858,-22.106115341186523,0.0710352435708046,0.07917136698961258,0.027307691052556038,0.2816421091556549
548,0.012992747128009796,-0.3553412854671478,-22.163482666015625,0.07101286947727203,0.07752448320388794,0.02018877863883972,0.17568059265613556
549,0.010640773922204971,-0.33115094900131226,-22.349246978759766,0.07099051028490067,0.07533445209264755,0.03064565919339657,0.1481226533651352
550,0.016394315287470818,-0.3124926686286926,-22.24751091003418,0.0709681510925293,0.07493563741445541,0.020416004583239555,0.16591870784759521
551,0.011085892096161842,-0.3431278467178345,-22.205141067504883,0.07094582170248032,0.08076293766498566,0.04452718421816826,0.17543815076351166
552,0.01744762621819973,-0.33907845616340637,-22.202632904052734,0.07092349976301193,0.07645964622497559,0.037374451756477356,0.08942119032144547
553,0.01066100224852562,-0.3631380498409271,-22.314523696899414,0.07090118527412415,0.08017824590206146,0.03516155108809471,0.1605948507785797
554,0.013968603685498238,-0.3185758888721466,-22.26329231262207,0.07087887078523636,0.07216563820838928,0.026670580729842186,0.17910781502723694
555,0.018701061606407166,-0.31540414690971375,-22.213916778564453,0.07085657119750977,0.0737362951040268,0.04561516270041466,0.1382150650024414
556,0.024514704942703247,-0.3223482072353363,-22.115829467773438,0.07083429396152496,0.07476532459259033,0.044064752757549286,0.1258775293827057
557,0.015314960852265358,-0.34096041321754456,-22.325925827026367,0.07081201672554016,0.07139821350574493,0.013459468260407448,0.1835821270942688
558,0.010526113212108612,-0.3474361002445221,-22.20767593383789,0.07078975439071655,0.07705311477184296,0.022699763998389244,0.10620655119419098
559,0.012609101831912994,-0.33452752232551575,-22.42124366760254,0.07076749205589294,0.07444266229867935,0.04739677160978317,0.09510619193315506
560,0.01458167377859354,-0.3325943052768707,-22.226985931396484,0.07074524462223053,0.07668241858482361,0.04237079247832298,0.13375401496887207
561,0.019222524017095566,-0.3154836893081665,-22.239118576049805,0.0707230195403099,0.07271824777126312,0.07746545970439911,0.19092513620853424
562,0.013952907174825668,-0.3388293385505676,-22.275516510009766,0.07070079445838928,0.08089948445558548,0.037969715893268585,0.1701355278491974
563,0.010785626247525215,-0.35368987917900085,-22.37547492980957,0.07067856937646866,0.07482747733592987,0.020508209243416786,0.14141005277633667
564,0.011312954127788544,-0.34451520442962646,-22.138519287109375,0.07065635919570923,0.07574991881847382,0.02489820308983326,0.12702301144599915
565,0.007987301796674728,-0.3492858409881592,-22.42630386352539,0.07063416391611099,0.0732310563325882,0.045140866190195084,0.09578008204698563
566,0.007154623046517372,-0.3306884765625,-22.380054473876953,0.07061195373535156,0.07499726861715317,0.048140835016965866,0.12544217705726624
567,0.010586260817945004,-0.35060393810272217,-22.28484344482422,0.07058976590633392,0.08087398111820221,0.02268037386238575,0.18282029032707214
568,0.014464199542999268,-0.3377527594566345,-22.44231414794922,0.07056757062673569,0.07770384848117828,0.022367781028151512,0.1416517198085785
569,0.014986305497586727,-0.3427131772041321,-22.10962677001953,0.07054542005062103,0.07847090810537338,0.029379388317465782,0.11924608051776886
570,0.011900587938725948,-0.3674777150154114,-22.49604606628418,0.07052325457334518,0.0742524266242981,0.017570124939084053,0.19274485111236572
571,0.02442891150712967,-0.3163895905017853,-22.06468963623047,0.07050111144781113,0.0821460485458374,0.023224884644150734,0.20503053069114685
572,0.01566407084465027,-0.33763614296913147,-22.391048431396484,0.07047897577285767,0.0797661542892456,0.023618923500180244,0.17227093875408173
573,0.011925739236176014,-0.3354972004890442,-22.24936866760254,0.07045686990022659,0.07741507142782211,0.03066994622349739,0.14627690613269806
574,0.008675770834088326,-0.3462420701980591,-22.273757934570312,0.07043476402759552,0.07459215074777603,0.03790683671832085,0.11482654511928558
575,0.01296346914023161,-0.3668416738510132,-22.26520347595215,0.07041267305612564,0.0748627632856369,0.016058530658483505,0.16160240769386292
576,0.013300636783242226,-0.368901789188385,-22.533554077148438,0.07039055973291397,0.07463433593511581,0.03229552134871483,0.14260099828243256
577,0.009492777287960052,-0.3509143590927124,-22.32048797607422,0.07036848366260529,0.07693593949079514,0.02050621807575226,0.1279723346233368
578,0.01517860684543848,-0.33863794803619385,-22.119728088378906,0.0703464224934578,0.07554686069488525,0.03683663532137871,0.15117989480495453
579,0.016137775033712387,-0.34931817650794983,-22.252220153808594,0.0703243687748909,0.07599739730358124,0.06152339652180672,0.19161322712898254
580,0.020658133551478386,-0.34224608540534973,-22.292774200439453,0.07030234485864639,0.07403387129306793,0.0377301461994648,0.1453782469034195
581,0.01120152696967125,-0.34359675645828247,-22.456707000732422,0.07028030604124069,0.07317504286766052,0.01554737240076065,0.16807372868061066
582,0.013415326364338398,-0.32725048065185547,-22.243526458740234,0.07025828957557678,0.0744534432888031,0.029900021851062775,0.1745041012763977
583,0.025018583983182907,-0.33472174406051636,-22.372472763061523,0.07023628801107407,0.07867076992988586,0.06818887591362,0.1616193801164627
584,0.0077890511602163315,-0.3401583433151245,-22.422731399536133,0.07021426409482956,0.07472752779722214,0.04279552027583122,0.21112817525863647
585,0.013888359069824219,-0.3557930886745453,-22.434894561767578,0.07019225507974625,0.07531343400478363,0.031984858214855194,0.09773670881986618
586,0.013015275821089745,-0.34257808327674866,-22.252994537353516,0.07017026841640472,0.08164017647504807,0.04212341085076332,0.19245818257331848
587,0.016643594950437546,-0.35808005928993225,-22.272216796875,0.0701482892036438,0.0779297798871994,0.03999628126621246,0.11608000099658966
588,0.010760126635432243,-0.33976778388023376,-22.394197463989258,0.07012631744146347,0.07600623369216919,0.049702659249305725,0.09163130819797516
589,0.008834299631416798,-0.34785032272338867,-22.280712127685547,0.07010436803102493,0.07729591429233551,0.057678379118442535,0.1278367042541504
590,0.02652905136346817,-0.3159855008125305,-22.23603057861328,0.07008244097232819,0.07532651722431183,0.07502765953540802,0.19387464225292206
591,0.012541170231997967,-0.3536161184310913,-22.44565200805664,0.07006050646305084,0.07687326520681381,0.01999584026634693,0.13243934512138367
592,0.014340860769152641,-0.3485739827156067,-22.373069763183594,0.0700385794043541,0.07337410748004913,0.04260120540857315,0.19343730807304382
593,0.009264493361115456,-0.34490570425987244,-22.35504913330078,0.07001665979623795,0.07249381393194199,0.023944426327943802,0.13608461618423462
594,0.014843272045254707,-0.33906733989715576,-22.441513061523438,0.0699947401881218,0.07400684058666229,0.03340752422809601,0.13831810653209686
595,0.00722732488065958,-0.35021156072616577,-22.189905166625977,0.06997285038232803,0.07647132873535156,0.010044186376035213,0.16863277554512024
596,0.009218418970704079,-0.3511200547218323,-22.389020919799805,0.06995096802711487,0.07533908635377884,0.031745389103889465,0.07550803571939468
597,0.012035680934786797,-0.3560890555381775,-22.2576847076416,0.0699291080236435,0.08166687190532684,0.017807990312576294,0.2128596156835556
598,0.007456191349774599,-0.34877294301986694,-22.21249008178711,0.06990727037191391,0.07847780734300613,0.03730848804116249,0.13307105004787445
599,0.02310139685869217,-0.3476880192756653,-22.403417587280273,0.06988544017076492,0.07870572805404663,0.05011199414730072,0.1704055666923523
600,0.012917427346110344,-0.36102694272994995,-22.48526382446289,0.06986359506845474,0.07475908100605011,0.02639775164425373,0.1697315126657486
601,0.012675121426582336,-0.37043297290802,-22.349525451660156,0.06984177976846695,0.07478900998830795,0.015126846730709076,0.15663470327854156
602,0.016890831291675568,-0.3099743127822876,-22.316120147705078,0.06981997191905975,0.07994630187749863,0.020140547305345535,0.14249999821186066
603,0.01683153584599495,-0.3534599244594574,-22.388498306274414,0.06979816406965256,0.07270286232233047,0.029956107959151268,0.1920882910490036
604,0.016146361827850342,-0.3609209954738617,-22.420440673828125,0.06977637112140656,0.0703699141740799,0.03873349726200104,0.19977033138275146
605,0.01981481723487377,-0.3466363549232483,-22.284032821655273,0.06975460052490234,0.07755105942487717,0.04443337768316269,0.10377003997564316
606,0.008750525303184986,-0.33551299571990967,-22.302366256713867,0.06973282992839813,0.07906649261713028,0.06492576748132706,0.17789530754089355
607,0.012103114277124405,-0.3360022306442261,-22.450456619262695,0.06971107423305511,0.07380048930644989,0.01857190765440464,0.10671839863061905
608,0.019222648814320564,-0.33034566044807434,-22.351640701293945,0.0696893185377121,0.07763119041919708,0.04359201341867447,0.1692580282688141
609,0.012317372485995293,-0.3454834222793579,-22.197072982788086,0.06966759264469147,0.07610509544610977,0.029043834656476974,0.16572022438049316
610,0.009823916479945183,-0.3542814254760742,-22.50592613220215,0.06964586675167084,0.07570097595453262,0.06947065889835358,0.18840791285037994
611,0.010686678811907768,-0.3452850878238678,-22.33928871154785,0.0696241483092308,0.07711205631494522,0.03830200061202049,0.11067438125610352
612,0.013364499434828758,-0.33618274331092834,-22.455642700195312,0.06960244476795197,0.07890137284994125,0.03169998526573181,0.15827760100364685
613,0.010575540363788605,-0.3320806622505188,-22.419382095336914,0.06958074122667313,0.07706739008426666,0.033063698559999466,0.17065103352069855
614,0.011542740277945995,-0.3588472008705139,-22.503372192382812,0.06955903023481369,0.07544480264186859,0.019027184695005417,0.19664564728736877
615,0.015571926720440388,-0.35093653202056885,-22.405054092407227,0.06953731924295425,0.07246767729520798,0.020642058923840523,0.15078021585941315
616,0.010198988020420074,-0.33707648515701294,-22.408443450927734,0.0695156380534172,0.07898560166358948,0.03960610553622246,0.17914387583732605
617,0.01766951009631157,-0.34009799361228943,-22.567058563232422,0.06949394941329956,0.07499392330646515,0.046297114342451096,0.15727703273296356
618,0.008800400421023369,-0.36391448974609375,-22.352882385253906,0.06947226077318192,0.07713525742292404,0.030539358034729958,0.14506298303604126
619,0.02578550949692726,-0.31153085827827454,-22.34026527404785,0.06945060193538666,0.077569380402565,0.10629590600728989,0.07393935322761536
620,0.017406713217496872,-0.34129220247268677,-22.531953811645508,0.069428950548172,0.07394713908433914,0.05454108491539955,0.14474348723888397
621,0.007802221924066544,-0.3402104079723358,-22.544387817382812,0.06940728425979614,0.0713496059179306,0.08681409060955048,0.17496123909950256
622,0.015541153028607368,-0.3311283588409424,-22.495628356933594,0.06938562542200089,0.07859358191490173,0.025585059076547623,0.14841142296791077
623,0.019438346847891808,-0.3449574410915375,-22.301692962646484,0.06936398893594742,0.0770130455493927,0.08168205618858337,0.1665966659784317
624,0.013081524521112442,-0.3536298871040344,-22.526643753051758,0.06934235990047455,0.07399112731218338,0.04373232275247574,0.15091028809547424
625,0.01649722084403038,-0.3804769217967987,-22.568988800048828,0.06932072341442108,0.07610964775085449,0.028831390663981438,0.13696737587451935
626,0.016106892377138138,-0.3120723366737366,-22.40290641784668,0.0692991092801094,0.0792943686246872,0.03211766481399536,0.0839870348572731
627,0.013585200533270836,-0.31604740023612976,-22.420265197753906,0.06927750259637833,0.07709433883428574,0.056704357266426086,0.20728130638599396
628,0.010247593745589256,-0.3282380998134613,-22.279441833496094,0.06925591826438904,0.07748065143823624,0.020731663331389427,0.14795257151126862
629,0.01426638662815094,-0.343328058719635,-22.392841339111328,0.06923435628414154,0.08049030601978302,0.03837218135595322,0.1461470127105713
630,0.01065315492451191,-0.352406769990921,-22.520055770874023,0.06921278685331345,0.07615375518798828,0.04881986603140831,0.1011202484369278
631,0.014471049420535564,-0.34245026111602783,-22.564659118652344,0.06919122487306595,0.07292802631855011,0.023839928209781647,0.13371774554252625
632,0.01898709125816822,-0.3720704913139343,-22.614959716796875,0.06916964799165726,0.07750830054283142,0.04114178568124771,0.12175026535987854
633,0.014272108674049377,-0.33349475264549255,-22.45970916748047,0.06914809346199036,0.07123328745365143,0.018556002527475357,0.20019443333148956
634,0.009480871260166168,-0.3768889307975769,-22.4862060546875,0.06912655383348465,0.07708784937858582,0.036733996123075485,0.1478656381368637
635,0.014865178614854813,-0.3755168318748474,-22.538949966430664,0.06910501420497894,0.07614824920892715,0.04851777106523514,0.1517896056175232
636,0.008114742115139961,-0.34580081701278687,-22.459632873535156,0.06908348202705383,0.07516969740390778,0.055290672928094864,0.11968262493610382
637,0.01939086988568306,-0.3153628706932068,-22.589109420776367,0.06906195729970932,0.07574540376663208,0.024213414639234543,0.14804120361804962
638,0.010543819516897202,-0.3293229937553406,-22.467212677001953,0.0690404400229454,0.07381955534219742,0.03659651428461075,0.1505270004272461
639,0.022976968437433243,-0.36594638228416443,-22.44353485107422,0.06901893019676208,0.07699558883905411,0.08217999339103699,0.20672351121902466
640,0.014487831853330135,-0.3510138988494873,-22.42159652709961,0.06899744272232056,0.07359307259321213,0.029817910864949226,0.1209135502576828
641,0.019918736070394516,-0.3652530312538147,-22.466459274291992,0.06897596269845963,0.07732309401035309,0.0640542134642601,0.169928640127182
642,0.01152376551181078,-0.3619612753391266,-22.56451416015625,0.06895449012517929,0.07459980249404907,0.01693481020629406,0.13671135902404785
643,0.015532933175563812,-0.3308526575565338,-22.448776245117188,0.06893303990364075,0.07763160765171051,0.04090892896056175,0.13598166406154633
644,0.010403469204902649,-0.3262825012207031,-22.43895721435547,0.0689115971326828,0.07929296791553497,0.05329051613807678,0.14662955701351166
645,0.010233473032712936,-0.34892502427101135,-22.34990119934082,0.06889017671346664,0.0744410902261734,0.03468189761042595,0.10892535746097565
646,0.022429484874010086,-0.30306077003479004,-22.371219635009766,0.06886877864599228,0.07823498547077179,0.04194192960858345,0.12029023468494415
647,0.010402658954262733,-0.3556559979915619,-22.482847213745117,0.06884738802909851,0.07703622430562973,0.06771750748157501,0.13104009628295898
648,0.011923425830900669,-0.35632988810539246,-22.37119483947754,0.06882601976394653,0.0727890357375145,0.028113525360822678,0.18586979806423187
649,0.01547190174460411,-0.3569583296775818,-22.515911102294922,0.06880465894937515,0.07906141877174377,0.011137283407151699,0.16577613353729248
650,0.018588628619909286,-0.3178365230560303,-22.356048583984375,0.06878329813480377,0.07464234530925751,0.021439414471387863,0.16987839341163635
651,0.019624706357717514,-0.3564366400241852,-22.52714729309082,0.06876195222139359,0.07042883336544037,0.030376432463526726,0.1750941276550293
652,0.017748825252056122,-0.3563193082809448,-22.54164695739746,0.0687406063079834,0.07367736101150513,0.03369087353348732,0.10322558134794235
653,0.015626979991793633,-0.35998931527137756,-22.44488525390625,0.0687192752957344,0.08366384357213974,0.02414139173924923,0.20237545669078827
654,0.015369963832199574,-0.36026787757873535,-22.535619735717773,0.06869794428348541,0.07898057997226715,0.01662229746580124,0.10473135858774185
655,0.023397572338581085,-0.3647302985191345,-22.452392578125,0.06867662072181702,0.07730795443058014,0.11342671513557434,0.11636252701282501
656,0.028901949524879456,-0.35113757848739624,-22.48011016845703,0.06865532696247101,0.07774247229099274,0.12716078758239746,0.13998261094093323
657,0.008257020264863968,-0.33171868324279785,-22.58399200439453,0.0686340183019638,0.07890499383211136,0.06090821698307991,0.1513415277004242
658,0.012333404272794724,-0.3549535870552063,-22.502971649169922,0.0686127170920372,0.07836601138114929,0.025990093126893044,0.21483644843101501
659,0.03349931538105011,-0.32578063011169434,-22.51032066345215,0.0685914158821106,0.07550890743732452,0.1548214703798294,0.25742822885513306
660,0.01683778315782547,-0.33195704221725464,-22.644609451293945,0.06857012957334518,0.07545366138219833,0.02541333995759487,0.1476142406463623
661,0.024265563115477562,-0.3226819634437561,-22.342571258544922,0.06854886561632156,0.07783225923776627,0.08364462852478027,0.1574581414461136
662,0.021254584193229675,-0.32753440737724304,-22.550308227539062,0.06852760165929794,0.07582629472017288,0.04177878051996231,0.1312113255262375
663,0.020592765882611275,-0.3505876660346985,-22.45650863647461,0.06850635260343552,0.07636678218841553,0.014966432005167007,0.07939382642507553
664,0.027798566967248917,-0.3147164285182953,-22.41596031188965,0.06848511844873428,0.07699768245220184,0.02732907421886921,0.1322946399450302
665,0.016257626935839653,-0.32567065954208374,-22.465925216674805,0.06846389919519424,0.07469815015792847,0.04087863489985466,0.15067556500434875
666,0.02146916463971138,-0.3268793821334839,-22.461807250976562,0.0684426948428154,0.07504846155643463,0.08147002756595612,0.09508828073740005
667,0.019401829689741135,-0.3189738392829895,-22.503755569458008,0.06842150539159775,0.07317330688238144,0.029491782188415527,0.20088711380958557
668,0.010835744440555573,-0.3314608037471771,-22.445907592773438,0.0684003159403801,0.07960804551839828,0.06627442687749863,0.13232694566249847
669,0.012929209508001804,-0.33034202456474304,-22.51138687133789,0.06837913393974304,0.07749857008457184,0.08091986179351807,0.1544107347726822
670,0.01813260093331337,-0.29298505187034607,-22.574783325195312,0.06835795938968658,0.07414878904819489,0.06111149862408638,0.12840211391448975
671,0.012848137877881527,-0.32472947239875793,-22.440799713134766,0.06833681464195251,0.07793662697076797,0.08876163512468338,0.1575608253479004
672,0.01970360241830349,-0.3214593529701233,-22.630083084106445,0.06831564754247665,0.07453115284442902,0.04887610301375389,0.11591904610395432
673,0.017643272876739502,-0.31745681166648865,-22.574308395385742,0.06829449534416199,0.07476760447025299,0.06344936788082123,0.1445811241865158
674,0.010691734962165356,-0.33543509244918823,-22.57561683654785,0.06827335059642792,0.07284186780452728,0.04391975328326225,0.08637028187513351
675,0.017839036881923676,-0.33299630880355835,-22.760334014892578,0.06825219094753265,0.07515636831521988,0.027992840856313705,0.10970129817724228
676,0.015467897057533264,-0.3197258710861206,-22.590402603149414,0.06823103874921799,0.07687165588140488,0.042165521532297134,0.17579373717308044
677,0.013907086104154587,-0.37435978651046753,-22.456573486328125,0.06820989400148392,0.08051617443561554,0.040024835616350174,0.17341755330562592
678,0.01677972823381424,-0.32620322704315186,-22.631195068359375,0.06818875670433044,0.07412376254796982,0.0326835997402668,0.15868480503559113
679,0.0164593867957592,-0.34349510073661804,-22.694259643554688,0.06816762685775757,0.07888172566890717,0.025649860501289368,0.09509668499231339
680,0.010893221944570541,-0.35798847675323486,-22.63775062561035,0.0681464821100235,0.07618676126003265,0.02574249915778637,0.13619853556156158
681,0.01169319823384285,-0.38875287771224976,-22.63866424560547,0.06812535226345062,0.07607965916395187,0.05078628286719322,0.08294086158275604
682,0.02480294741690159,-0.3576432764530182,-22.58514976501465,0.06810422241687775,0.07792892307043076,0.10269026458263397,0.18837861716747284
683,0.009824464097619057,-0.3383101522922516,-22.577268600463867,0.06808311492204666,0.07746730744838715,0.050388265401124954,0.13407333195209503
684,0.016826778650283813,-0.35861727595329285,-22.533302307128906,0.06806201487779617,0.07997211813926697,0.05548609048128128,0.18447086215019226
685,0.01562560349702835,-0.36617085337638855,-22.602569580078125,0.06804092228412628,0.07426364719867706,0.03380657359957695,0.15416333079338074
686,0.018652675673365593,-0.33269932866096497,-22.711223602294922,0.06801983714103699,0.07140672206878662,0.034479644149541855,0.17921572923660278
687,0.020508240908384323,-0.3446568250656128,-22.581844329833984,0.06799875944852829,0.07679210603237152,0.02419407293200493,0.04546961560845375
688,0.012958599254488945,-0.34609392285346985,-22.457721710205078,0.06797770410776138,0.07982391119003296,0.05173124000430107,0.18673650920391083
689,0.01762528344988823,-0.34010693430900574,-22.519023895263672,0.06795667111873627,0.0787525624036789,0.06725084781646729,0.13568474352359772
690,0.01335272565484047,-0.3406490087509155,-22.525646209716797,0.06793564558029175,0.07538061589002609,0.0306598749011755,0.1469660848379135
691,0.018126998096704483,-0.36611756682395935,-22.584413528442383,0.06791462004184723,0.07804282009601593,0.07537341117858887,0.09197614341974258
692,0.012197514995932579,-0.3533703088760376,-22.626623153686523,0.0678936094045639,0.08008456230163574,0.033338844776153564,0.1154027059674263
693,0.011198713444173336,-0.32817739248275757,-22.545795440673828,0.06787261366844177,0.072620689868927,0.03596138209104538,0.23576883971691132
694,0.009455358609557152,-0.3649616837501526,-22.46352767944336,0.06785163283348083,0.07629130780696869,0.01602555438876152,0.12117011845111847
695,0.020516952499747276,-0.3396502733230591,-22.58745574951172,0.0678306519985199,0.07511215656995773,0.058664895594120026,0.1591854840517044
696,0.023037372156977654,-0.3416897654533386,-22.602781295776367,0.06780968606472015,0.07757426798343658,0.029587380588054657,0.1551285684108734
697,0.015199566259980202,-0.3624707758426666,-22.504344940185547,0.0677887350320816,0.07457761466503143,0.031210504472255707,0.16878245770931244
698,0.00677960691973567,-0.35756251215934753,-22.662261962890625,0.06776779145002365,0.07443147897720337,0.07234321534633636,0.13184264302253723
699,0.01868569478392601,-0.339495450258255,-22.773761749267578,0.0677468404173851,0.07419434934854507,0.027125226333737373,0.12966720759868622
700,0.013724418357014656,-0.3491913080215454,-22.565200805664062,0.06772588938474655,0.07635871320962906,0.0313723050057888,0.19222144782543182
701,0.011452507227659225,-0.33441653847694397,-22.475494384765625,0.06770496815443039,0.07776675373315811,0.023484911769628525,0.16625520586967468
702,0.014802887104451656,-0.3568003177642822,-22.766319274902344,0.06768403202295303,0.07852014154195786,0.030137334018945694,0.1737602949142456
703,0.015206785872578621,-0.3552055358886719,-22.545061111450195,0.06766312569379807,0.07622246444225311,0.020088259130716324,0.2203780859708786
704,0.011467650532722473,-0.31352442502975464,-22.611038208007812,0.0676422193646431,0.07441624253988266,0.057202134281396866,0.1698639690876007
705,0.012351002544164658,-0.3536056876182556,-22.63336753845215,0.06762132048606873,0.07771222293376923,0.023955343291163445,0.16626213490962982
706,0.01161481998860836,-0.33701467514038086,-22.754770278930664,0.06760041415691376,0.07737670838832855,0.07756319642066956,0.16711527109146118
707,0.01986353099346161,-0.34917089343070984,-22.7105712890625,0.06757951527833939,0.073207326233387,0.028336623683571815,0.13536132872104645
708,0.015081996098160744,-0.3501231372356415,-22.52316665649414,0.0675586387515068,0.07946263998746872,0.031018009409308434,0.1596512496471405
709,0.015655552968382835,-0.342656672000885,-22.677444458007812,0.06753776222467422,0.07403302192687988,0.054890505969524384,0.18622630834579468
710,0.021060843020677567,-0.33641517162323,-22.46432876586914,0.06751691550016403,0.07631511986255646,0.041020072996616364,0.1336580067873001
711,0.017238721251487732,-0.3139074146747589,-22.64223289489746,0.06749607622623444,0.07395714521408081,0.03941375017166138,0.17776687443256378
712,0.013429056853055954,-0.34107133746147156,-22.55199432373047,0.06747523695230484,0.0769788920879364,0.0640091821551323,0.15397363901138306
713,0.009328240528702736,-0.36307433247566223,-22.628538131713867,0.06745442003011703,0.07359413057565689,0.022151213139295578,0.17608676850795746
714,0.014380540698766708,-0.37458229064941406,-22.635894775390625,0.06743361800909042,0.07782349735498428,0.03572176396846771,0.1417609006166458
715,0.017046716064214706,-0.3393072187900543,-22.464445114135742,0.067412830889225,0.07789941132068634,0.06093524396419525,0.12117353081703186
716,0.013886498287320137,-0.3463054597377777,-22.40479278564453,0.06739206612110138,0.08334654569625854,0.048753395676612854,0.22833488881587982
717,0.017117466777563095,-0.33604758977890015,-22.74848747253418,0.06737129390239716,0.07731789350509644,0.04745746776461601,0.15897999703884125
718,0.0149534922093153,-0.3518296480178833,-22.7105712890625,0.06735052913427353,0.07684339582920074,0.020953860133886337,0.1402484029531479
719,0.013425903394818306,-0.3423546254634857,-22.7027587890625,0.0673297569155693,0.07518742233514786,0.04022626206278801,0.21576257050037384
720,0.013810928910970688,-0.3353654742240906,-22.790390014648438,0.06730898469686508,0.08023688942193985,0.0770726203918457,0.19865518808364868
721,0.007900744676589966,-0.362428218126297,-22.818803787231445,0.06728820502758026,0.0740065723657608,0.0868092030286789,0.1740753948688507
722,0.011046597734093666,-0.3540017902851105,-22.624303817749023,0.06726743280887604,0.07604742795228958,0.030662477016448975,0.19042392075061798
723,0.01036008819937706,-0.3687630891799927,-22.832054138183594,0.06724665313959122,0.07096294313669205,0.03263968601822853,0.2133105993270874
724,0.007930433377623558,-0.345929890871048,-22.694717407226562,0.06722589582204819,0.07813994586467743,0.043635085225105286,0.1348307579755783
725,0.011209297925233841,-0.3562881350517273,-22.592979431152344,0.06720513850450516,0.08194802701473236,0.02631211467087269,0.18822331726551056
726,0.007622772827744484,-0.3636113107204437,-22.699228286743164,0.06718439608812332,0.07848303020000458,0.04542601853609085,0.16498319804668427
727,0.01599382981657982,-0.3541049659252167,-22.644935607910156,0.06716366857290268,0.07486055791378021,0.04577817767858505,0.1309293806552887
728,0.02072625607252121,-0.3558500409126282,-22.587574005126953,0.06714295595884323,0.07825075089931488,0.06350689381361008,0.1844688355922699
729,0.017347313463687897,-0.35548919439315796,-22.62458610534668,0.06712225824594498,0.07901589572429657,0.049123622477054596,0.17210665345191956
730,0.014787278138101101,-0.35965585708618164,-22.662439346313477,0.06710156798362732,0.07973501831293106,0.10223103314638138,0.14991819858551025
731,0.012355564162135124,-0.3592712879180908,-22.774904251098633,0.06708087027072906,0.07936189323663712,0.01977088674902916,0.21865500509738922
732,0.011989693157374859,-0.374398410320282,-22.610837936401367,0.0670601949095726,0.07594247162342072,0.02232235297560692,0.13543681800365448
733,0.009373768232762814,-0.37050023674964905,-22.679969787597656,0.06703952699899673,0.07347680628299713,0.04139568656682968,0.176326721906662
734,0.017265168949961662,-0.34877416491508484,-22.732982635498047,0.06701885908842087,0.07371963560581207,0.0768224373459816,0.12916713953018188
735,0.009076479822397232,-0.35377031564712524,-22.633512496948242,0.0669982060790062,0.07368680089712143,0.02494862675666809,0.1543029397726059
736,0.016605094075202942,-0.332964152097702,-22.822460174560547,0.06697755306959152,0.07120613008737564,0.040261879563331604,0.18156395852565765
737,0.008699892088770866,-0.36896589398384094,-22.62993621826172,0.06695690751075745,0.07059016823768616,0.02276313118636608,0.21055638790130615
738,0.02324070781469345,-0.32487642765045166,-22.572105407714844,0.06693628430366516,0.07832366228103638,0.1143001839518547,0.13181748986244202
739,0.007530169561505318,-0.3528744578361511,-22.75604820251465,0.06691566854715347,0.07528655230998993,0.05889907479286194,0.13872994482517242
740,0.018746882677078247,-0.3469769358634949,-22.835649490356445,0.06689504534006119,0.0702252984046936,0.05220746621489525,0.181167870759964
741,0.018142379820346832,-0.3737127184867859,-22.81017303466797,0.0668744295835495,0.07312757521867752,0.05898229032754898,0.14063958823680878
742,0.009208759292960167,-0.3549072742462158,-22.773466110229492,0.06685379892587662,0.07455869019031525,0.024351172149181366,0.2183760702610016
743,0.014583650045096874,-0.3425019383430481,-22.638757705688477,0.06683319061994553,0.07548806071281433,0.023216038942337036,0.19357645511627197
744,0.01291416585445404,-0.38035690784454346,-22.77037811279297,0.06681258976459503,0.07357332110404968,0.02219819836318493,0.24902614951133728
745,0.06146208941936493,-0.36626335978507996,-22.805728912353516,0.06679199635982513,0.07785932719707489,0.11863423138856888,0.13988856971263885
746,0.013755160383880138,-0.3495372533798218,-22.832876205444336,0.06677139550447464,0.07912035286426544,0.023920226842164993,0.15380458533763885
747,0.07601212710142136,-0.33878546953201294,-22.77423667907715,0.06675080209970474,0.07626588642597198,0.13456234335899353,0.11108355224132538
748,0.13617202639579773,-0.3451274633407593,-22.8702335357666,0.06673020869493484,0.07699187099933624,0.21652700006961823,0.14358767867088318
749,0.017663588747382164,-0.3311406075954437,-22.8013916015625,0.06670962274074554,0.07512195408344269,0.05768192186951637,0.1955602765083313
750,0.05984693393111229,-0.40007084608078003,-22.865802764892578,0.06668902933597565,0.07727836072444916,0.06712185591459274,0.15120939910411835
751,0.07514218240976334,-0.34455370903015137,-22.567705154418945,0.06666847318410873,0.07855051755905151,0.12643349170684814,0.12782210111618042
752,0.062189921736717224,-0.31003788113594055,-22.735782623291016,0.06664792448282242,0.07862938195466995,0.025936493650078773,0.09885337203741074
753,0.12864577770233154,-0.32676446437835693,-22.60213279724121,0.0666273981332779,0.08014972507953644,0.1309327930212021,0.23751920461654663
754,0.06915684044361115,-0.33945390582084656,-22.7890567779541,0.06660687923431396,0.07545879483222961,0.08310152590274811,0.21225415170192719
755,0.016671907156705856,-0.33912336826324463,-22.894893646240234,0.06658634543418884,0.07510361820459366,0.09155232459306717,0.09231624752283096
756,0.013367956504225731,-0.32079869508743286,-22.53122901916504,0.0665658563375473,0.08069509267807007,0.15230748057365417,0.17723287642002106
757,0.12495675683021545,-0.3418439030647278,-22.86414337158203,0.06654535233974457,0.07242846488952637,0.11520447582006454,0.10752265155315399
758,0.11977378278970718,-0.3059673607349396,-22.6800479888916,0.06652487814426422,0.08073081076145172,0.0783052071928978,0.1877138614654541
759,0.0754176676273346,-0.3218431770801544,-22.943283081054688,0.06650438904762268,0.07605484873056412,0.04258592799305916,0.0829106941819191
760,0.022363759577274323,-0.30590224266052246,-22.833528518676758,0.06648390740156174,0.07489405572414398,0.1429418921470642,0.21305079758167267
761,0.0638820007443428,-0.3635614216327667,-22.677337646484375,0.0664634257555008,0.07771314680576324,0.09356562793254852,0.15270723402500153
762,0.11819249391555786,-0.3137952387332916,-22.807741165161133,0.06644295901060104,0.07303816825151443,0.08789361268281937,0.20694378018379211
763,0.20870429277420044,-0.317314475774765,-22.812475204467773,0.0664224922657013,0.07200111448764801,0.20451132953166962,0.14730440080165863
764,0.2236173152923584,-0.33023330569267273,-22.911640167236328,0.06640204042196274,0.07367593050003052,0.2204330563545227,0.2021753340959549
765,0.14254246652126312,-0.3184813857078552,-22.698955535888672,0.06638158857822418,0.0759529322385788,0.10173806548118591,0.1003924012184143
766,0.25866907835006714,-0.32975444197654724,-22.77081871032715,0.06636114418506622,0.07749112695455551,0.29726919531822205,0.14215362071990967
767,0.1138070672750473,-0.3049973249435425,-22.776165008544922,0.06634071469306946,0.07536662369966507,0.06921837478876114,0.15400631725788116
768,0.15733037889003754,-0.3057289719581604,-22.90645408630371,0.06632028520107269,0.07457824051380157,0.10227861255407333,0.13913975656032562
769,0.16741906106472015,-0.2727310359477997,-22.69673728942871,0.06629987806081772,0.0831521600484848,0.10810922086238861,0.20831744372844696
770,0.1561925858259201,-0.2958565950393677,-22.792219161987305,0.06627947092056274,0.07730923593044281,0.11780569702386856,0.10978641360998154
771,0.09359771013259888,-0.3050113320350647,-22.92728614807129,0.06625905632972717,0.07464185357093811,0.13339322805404663,0.12924720346927643
772,0.3225758373737335,-0.30032476782798767,-22.77841567993164,0.06623866409063339,0.07679032534360886,0.2961951792240143,0.14515270292758942
773,0.19988222420215607,-0.27483704686164856,-22.751476287841797,0.06621827930212021,0.07162527740001678,0.07924623042345047,0.2230866402387619
774,0.07612158358097076,-0.26292282342910767,-22.71395492553711,0.06619791686534882,0.0776834487915039,0.19379231333732605,0.11942993849515915
775,0.16804462671279907,-0.2806110084056854,-22.785137176513672,0.06617756187915802,0.07741113007068634,0.1313757747411728,0.09692985564470291
776,0.2797491252422333,-0.2805154323577881,-22.591266632080078,0.06615722924470901,0.08019451797008514,0.20305250585079193,0.18020889163017273
777,0.28426459431648254,-0.26357659697532654,-22.907123565673828,0.06613689661026001,0.07889193296432495,0.29644858837127686,0.17537178099155426
778,0.20221653580665588,-0.2801533043384552,-23.03337860107422,0.06611654907464981,0.07061761617660522,0.07813296467065811,0.1441754400730133
779,0.20093142986297607,-0.2621670663356781,-22.73888397216797,0.0660962164402008,0.07806117087602615,0.09477130323648453,0.12456154823303223
780,0.12061731517314911,-0.257700651884079,-22.821184158325195,0.0660758912563324,0.07579074800014496,0.09587953984737396,0.1695527285337448
781,0.1603366732597351,-0.2501736283302307,-22.768903732299805,0.06605556607246399,0.07519666850566864,0.11512432992458344,0.07799184322357178
782,0.12015759944915771,-0.2670941948890686,-22.789289474487305,0.06603527069091797,0.0780038833618164,0.18286365270614624,0.10363689064979553
783,0.1600143313407898,-0.2605116069316864,-22.877412796020508,0.06601496785879135,0.07452956587076187,0.15986475348472595,0.1388610452413559
784,0.172764852643013,-0.2599211633205414,-22.741788864135742,0.06599467992782593,0.07600067555904388,0.1853788048028946,0.17485900223255157
785,0.31487011909484863,-0.2738264799118042,-22.893844604492188,0.0659743994474411,0.07986532896757126,0.2229982167482376,0.17936086654663086
786,0.18325351178646088,-0.27397608757019043,-22.810462951660156,0.06595413386821747,0.07934151589870453,0.03926950320601463,0.1611560732126236
787,0.2658780515193939,-0.28129738569259644,-22.909515380859375,0.06593386828899384,0.07444062829017639,0.12295129150152206,0.21781934797763824
788,0.1445249766111374,-0.2925548553466797,-22.84406280517578,0.0659136027097702,0.07743752002716064,0.0939536765217781,0.1408674269914627
789,0.3368048369884491,-0.2676277756690979,-22.79355812072754,0.06589335203170776,0.07698266953229904,0.23140306770801544,0.16619576513767242
790,0.24547326564788818,-0.25352743268013,-22.878807067871094,0.06587310135364532,0.07834826409816742,0.16205714643001556,0.17289115488529205
791,0.154556542634964,-0.25675728917121887,-22.846309661865234,0.06585286557674408,0.07833351194858551,0.15901759266853333,0.10475371032953262
792,0.19366346299648285,-0.2600337564945221,-22.810562133789062,0.06583262979984283,0.07859018445014954,0.05803898721933365,0.16189613938331604
793,0.336414635181427,-0.2608322501182556,-22.869176864624023,0.06581240147352219,0.07745566219091415,0.25541457533836365,0.14944607019424438
794,0.2597019076347351,-0.2756708860397339,-23.20673942565918,0.06579214334487915,0.0723123773932457,0.13040482997894287,0.1488921195268631
795,0.2011696696281433,-0.2670314610004425,-22.756330490112305,0.0657719150185585,0.08074398338794708,0.10490613430738449,0.1531866490840912
796,0.201704740524292,-0.2507970929145813,-22.857406616210938,0.06575168669223785,0.07677608728408813,0.09589175879955292,0.08377759903669357
797,0.05583292245864868,-0.25937679409980774,-22.818960189819336,0.065731480717659,0.07471553981304169,0.36369651556015015,0.15658800303936005
798,0.17532268166542053,-0.23582729697227478,-22.778284072875977,0.06571128964424133,0.07576490938663483,0.19167980551719666,0.1829444020986557
799,0.2664557099342346,-0.26026326417922974,-22.74347496032715,0.06569111347198486,0.0770072191953659,0.09237003326416016,0.15274861454963684
800,0.12518858909606934,-0.27406466007232666,-23.023651123046875,0.0656709223985672,0.07857591658830643,0.18527774512767792,0.14679276943206787
801,0.22348248958587646,-0.2686016261577606,-22.84393310546875,0.06565076112747192,0.07987801730632782,0.0694383755326271,0.13241638243198395
802,0.13445326685905457,-0.2780601382255554,-22.8555908203125,0.06563060730695724,0.0776582732796669,0.14978797733783722,0.19522914290428162
803,0.18865367770195007,-0.2875979244709015,-22.86052703857422,0.06561045348644257,0.07151474803686142,0.07919242978096008,0.13554665446281433
804,0.24415144324302673,-0.2831198275089264,-22.934803009033203,0.06559030711650848,0.07156458497047424,0.21551208198070526,0.18263791501522064
805,0.17498189210891724,-0.2699693739414215,-22.749887466430664,0.06557018309831619,0.0780632495880127,0.06388246268033981,0.1566881686449051
806,0.40005409717559814,-0.29114988446235657,-22.955781936645508,0.0655500516295433,0.06875959038734436,0.3623592257499695,0.20595987141132355
807,0.35980987548828125,-0.2752939462661743,-22.989299774169922,0.06552992761135101,0.07542425394058228,0.3225579857826233,0.09998168796300888
808,0.23688209056854248,-0.2750515341758728,-22.89491081237793,0.06550981104373932,0.07661250978708267,0.11239877343177795,0.17833122611045837
809,0.20667526125907898,-0.2772142291069031,-22.96124267578125,0.06548969447612762,0.07433479279279709,0.06376828253269196,0.10892452299594879
810,0.2778579592704773,-0.26114514470100403,-22.984479904174805,0.06546957045793533,0.07349999248981476,0.13196058571338654,0.13513901829719543
811,0.27268776297569275,-0.24769961833953857,-23.061256408691406,0.06544943898916245,0.07642222195863724,0.07671395689249039,0.13597680628299713
812,0.2701185345649719,-0.2419317364692688,-22.942712783813477,0.06542932987213135,0.07615794241428375,0.13978101313114166,0.18744780123233795
813,0.11008039116859436,-0.24999013543128967,-22.83152198791504,0.06540922075510025,0.07488470524549484,0.1255168467760086,0.1671248823404312
814,0.2654981017112732,-0.2422494888305664,-22.992076873779297,0.06538912653923035,0.07693006098270416,0.16155928373336792,0.1517276167869568
815,0.45948755741119385,-0.22024980187416077,-22.976985931396484,0.06536903232336044,0.07916749268770218,0.5334692597389221,0.21388043463230133
816,0.33375537395477295,-0.23004518449306488,-22.79717254638672,0.06534896045923233,0.07532478123903275,0.17388762533664703,0.14127092063426971
817,0.2449084371328354,-0.23545518517494202,-23.03609848022461,0.06532888114452362,0.07569903880357742,0.178986594080925,0.09283608198165894
818,0.2102755606174469,-0.21908730268478394,-22.966167449951172,0.06530880928039551,0.0795116126537323,0.0892050489783287,0.17486873269081116
819,0.1878092885017395,-0.23110660910606384,-23.04262351989746,0.0652887374162674,0.07456766813993454,0.20656365156173706,0.1392919421195984
820,0.26815420389175415,-0.2256098985671997,-22.88948631286621,0.06526868045330048,0.07471559941768646,0.07723439484834671,0.1341991275548935
821,0.2890322208404541,-0.18261343240737915,-22.963623046875,0.06524862349033356,0.0771113857626915,0.0821499302983284,0.16229936480522156
822,0.25675249099731445,-0.2171602100133896,-22.966135025024414,0.06522857397794724,0.07428564131259918,0.07650269567966461,0.1145014762878418
823,0.3775567412376404,-0.1954958438873291,-23.03690528869629,0.06520853191614151,0.07247792929410934,0.14087803661823273,0.14933694899082184
824,0.2902962565422058,-0.21766804158687592,-23.141489028930664,0.06518847495317459,0.07693669199943542,0.14925113320350647,0.1588178426027298
825,0.6161912679672241,-0.20186510682106018,-22.898845672607422,0.06516844779253006,0.07963896542787552,0.6124340295791626,0.1702433079481125
826,0.33184537291526794,-0.20131629705429077,-22.839344024658203,0.06514843553304672,0.07771647721529007,0.09830921143293381,0.0995921865105629
827,0.36929482221603394,-0.18966373801231384,-22.899330139160156,0.06512843072414398,0.07641954720020294,0.10125381499528885,0.1669553816318512
828,0.2690926790237427,-0.16556419432163239,-22.956403732299805,0.06510844081640244,0.08001966774463654,0.1587846577167511,0.16139782965183258
829,0.27481454610824585,-0.17853257060050964,-22.868146896362305,0.06508846580982208,0.07562640309333801,0.22364993393421173,0.19066457450389862
830,0.3540492653846741,-0.18689385056495667,-23.077112197875977,0.06506847590208054,0.07463686168193817,0.15557961165905,0.11916917562484741
831,0.16791465878486633,-0.18771350383758545,-22.942094802856445,0.06504851579666138,0.07501823455095291,0.24969440698623657,0.15137463808059692
832,0.49208539724349976,-0.18232321739196777,-22.877904891967773,0.06502855569124222,0.07486472278833389,0.3088257908821106,0.13300074636936188
833,0.2612851560115814,-0.16485843062400818,-22.976211547851562,0.06500861048698425,0.07812067866325378,0.34087347984313965,0.11889208853244781
834,0.2589583098888397,-0.1691519170999527,-22.80941390991211,0.06498868018388748,0.07974905520677567,0.14611119031906128,0.13389508426189423
835,0.20645177364349365,-0.19763334095478058,-22.8299503326416,0.0649687722325325,0.08010619878768921,0.24225075542926788,0.1137491762638092
836,0.3933529853820801,-0.1622753143310547,-22.84422492980957,0.06494888663291931,0.07720879465341568,0.19274012744426727,0.14269280433654785
837,0.2127475142478943,-0.16899675130844116,-22.79989242553711,0.06492900848388672,0.08195199817419052,0.23984675109386444,0.18495981395244598
838,0.24556687474250793,-0.18693611025810242,-22.991424560546875,0.06490913033485413,0.07705442607402802,0.16950619220733643,0.11157645285129547
839,0.22809818387031555,-0.18927927315235138,-23.079261779785156,0.06488925218582153,0.07745780050754547,0.17944276332855225,0.15275536477565765
840,0.31307464838027954,-0.21553541719913483,-23.026256561279297,0.06486937403678894,0.07089165598154068,0.11664587259292603,0.2451511174440384
841,0.4959338307380676,-0.19578075408935547,-22.93167495727539,0.06484950333833694,0.07136339694261551,0.38881078362464905,0.17229165136814117
842,0.4391501843929291,-0.1857566088438034,-22.778244018554688,0.06482965499162674,0.07338015735149384,0.34181058406829834,0.17881284654140472
843,0.23264180123806,-0.18126782774925232,-22.993061065673828,0.06480980664491653,0.07446896284818649,0.12815198302268982,0.13695482909679413
844,0.46064868569374084,-0.2049926519393921,-22.926557540893555,0.06478997319936752,0.07556936144828796,0.335066556930542,0.1330529749393463
845,0.28404486179351807,-0.20777136087417603,-22.99150848388672,0.06477013975381851,0.07855144143104553,0.055971838533878326,0.10490819811820984
846,0.20613083243370056,-0.2121490091085434,-23.07802391052246,0.0647503137588501,0.07538026571273804,0.11326470971107483,0.13644298911094666
847,0.39698243141174316,-0.18607375025749207,-22.808921813964844,0.06473051011562347,0.07623632997274399,0.17705361545085907,0.15760348737239838
848,0.2565978765487671,-0.17550398409366608,-23.289108276367188,0.06471068412065506,0.0745401456952095,0.15781956911087036,0.1448296308517456
849,0.473685622215271,-0.16240304708480835,-22.852876663208008,0.06469087302684784,0.07672957330942154,0.5161203742027283,0.18064697086811066
850,0.48139137029647827,-0.16272485256195068,-22.75153350830078,0.064671091735363,0.07986977696418762,0.30318883061408997,0.2321905791759491
851,0.2364911139011383,-0.175266295671463,-22.787813186645508,0.06465132534503937,0.07745254784822464,0.22149798274040222,0.16236187517642975
852,0.27457207441329956,-0.17276602983474731,-23.060279846191406,0.06463155150413513,0.07397393882274628,0.17409679293632507,0.09638937562704086
853,0.28428053855895996,-0.1747148036956787,-23.357934951782227,0.0646117553114891,0.07446736097335815,0.08750219643115997,0.10300865769386292
854,0.3739593029022217,-0.1323072910308838,-23.08377456665039,0.06459196656942368,0.0752594918012619,0.07143734395503998,0.1808346062898636
855,0.41828811168670654,-0.15455812215805054,-23.085773468017578,0.06457217782735825,0.07242478430271149,0.35809776186943054,0.1322784572839737
856,0.3054030239582062,-0.1634703278541565,-23.00430679321289,0.06455239653587341,0.07805485278367996,0.12918828427791595,0.15941928327083588
857,0.2929617166519165,-0.14133594930171967,-22.932323455810547,0.06453262269496918,0.08208256214857101,0.23415204882621765,0.1920589655637741
858,0.35373640060424805,-0.1792590618133545,-23.089792251586914,0.06451285630464554,0.07680407911539078,0.2181435227394104,0.12579581141471863
859,0.46834778785705566,-0.1411774754524231,-23.28179931640625,0.0644930824637413,0.0735970064997673,0.32056543231010437,0.18682627379894257
860,0.3943243622779846,-0.13381856679916382,-22.92491340637207,0.06447330862283707,0.08281493932008743,0.177823007106781,0.20493660867214203
861,0.21998725831508636,-0.16313444077968597,-23.20053482055664,0.06445354223251343,0.07522249221801758,0.2742672860622406,0.14283686876296997
862,0.2738766074180603,-0.13262557983398438,-23.013931274414062,0.06443378329277039,0.07847310602664948,0.2661907970905304,0.10197360068559647
863,0.32220473885536194,-0.16047760844230652,-23.095436096191406,0.06441403180360794,0.07338033616542816,0.11981002241373062,0.12155155837535858
864,0.5270202159881592,-0.1408567726612091,-23.178916931152344,0.0643942728638649,0.07552187144756317,0.3761850595474243,0.2007632851600647
865,0.3799980878829956,-0.13360361754894257,-23.18437385559082,0.06437451392412186,0.07547665387392044,0.17205114662647247,0.08920655399560928
866,0.37013739347457886,-0.12393065541982651,-23.222061157226562,0.06435474753379822,0.07264085859060287,0.11194107681512833,0.1589653640985489
867,0.3629158139228821,-0.1429721862077713,-22.974552154541016,0.06433500349521637,0.08034439384937286,0.09581699222326279,0.14698323607444763
868,0.28977182507514954,-0.1581515073776245,-23.26961898803711,0.06431525200605392,0.0751398578286171,0.17227822542190552,0.12179315090179443
869,0.3154001235961914,-0.13345608115196228,-23.269102096557617,0.06429549306631088,0.0726112425327301,0.10031425207853317,0.1288449764251709
870,0.49262145161628723,-0.1398347169160843,-23.170360565185547,0.06427573412656784,0.07511074095964432,0.22591494023799896,0.11786434799432755
871,0.25755852460861206,-0.1554238200187683,-23.219453811645508,0.0642559826374054,0.07839435338973999,0.15373757481575012,0.15869517624378204
872,0.22064979374408722,-0.13458982110023499,-23.249099731445312,0.06423622369766235,0.07349920272827148,0.3572021722793579,0.11021163314580917
873,0.2917521893978119,-0.14145353436470032,-23.288572311401367,0.06421647220849991,0.07539770752191544,0.2980194091796875,0.16711781919002533
874,0.30697208642959595,-0.13859710097312927,-23.19482421875,0.06419672071933746,0.07789599895477295,0.17220069468021393,0.12575632333755493
875,0.47449588775634766,-0.1502845287322998,-23.066469192504883,0.0641769990324974,0.07703959941864014,0.317353755235672,0.14626912772655487
876,0.5154842734336853,-0.11567015945911407,-22.8717041015625,0.06415729224681854,0.07620608061552048,0.4566501975059509,0.1045914888381958
877,0.47975021600723267,-0.125564306974411,-23.06834602355957,0.06413760781288147,0.07936536520719528,0.30701664090156555,0.19224214553833008
878,0.27617892622947693,-0.12876227498054504,-22.852201461791992,0.06411794573068619,0.0763547420501709,0.09030851721763611,0.13863378763198853
879,0.4251300096511841,-0.12400078773498535,-22.997051239013672,0.0640983060002327,0.07203911244869232,0.1927441954612732,0.1821330487728119
880,0.3309493362903595,-0.12179691344499588,-23.07158851623535,0.0640786737203598,0.07562840729951859,0.08240196853876114,0.08477304130792618
881,0.433382123708725,-0.11713951826095581,-22.96471405029297,0.0640590563416481,0.07301639020442963,0.22647446393966675,0.19411426782608032
882,0.30647966265678406,-0.09308433532714844,-23.144004821777344,0.0640394538640976,0.06940355151891708,0.20741978287696838,0.15958081185817719
883,0.3986870050430298,-0.10562515258789062,-23.135068893432617,0.06401985138654709,0.0705360621213913,0.14071184396743774,0.14263227581977844
884,0.26922494173049927,-0.11171995103359222,-23.275489807128906,0.06400024145841599,0.07665172964334488,0.21846067905426025,0.10322123020887375
885,0.4537443518638611,-0.10177596658468246,-23.00738525390625,0.06398064643144608,0.0744146779179573,0.2562386095523834,0.2048412710428238
886,0.316210001707077,-0.10379661619663239,-23.061443328857422,0.06396106630563736,0.07416533678770065,0.1577504426240921,0.12943649291992188
887,0.32655471563339233,-0.09591902047395706,-23.100048065185547,0.06394148617982864,0.08124824613332748,0.10008198022842407,0.1188763976097107
888,0.40836626291275024,-0.08524387329816818,-22.954071044921875,0.06392193585634232,0.07839975506067276,0.12018091231584549,0.19265253841876984
889,0.4541095793247223,-0.10377835482358932,-23.42311668395996,0.063902348279953,0.07411261647939682,0.3180449604988098,0.1596905142068863
890,0.2584141194820404,-0.12187611311674118,-23.21942901611328,0.06388277560472488,0.07140522450208664,0.20355439186096191,0.13448716700077057
891,0.4239647388458252,-0.07661746442317963,-23.169294357299805,0.06386321038007736,0.07961908727884293,0.19845911860466003,0.18441320955753326
892,0.2529865801334381,-0.10211365669965744,-23.074609756469727,0.06384364515542984,0.07923863083124161,0.34074050188064575,0.16608232259750366
893,0.45811134576797485,-0.0907941609621048,-23.273847579956055,0.06382408738136292,0.07352816313505173,0.22568774223327637,0.09356963634490967
894,0.29621416330337524,-0.08797557651996613,-23.180173873901367,0.06380453705787659,0.07545439898967743,0.13773109018802643,0.10834600776433945
895,0.460991770029068,-0.08394629508256912,-23.266929626464844,0.06378497928380966,0.0767040029168129,0.307634562253952,0.19248908758163452
896,0.4420759975910187,-0.0914202332496643,-23.1195125579834,0.06376543641090393,0.07984408736228943,0.24619060754776,0.13033920526504517
897,0.30969396233558655,-0.07611075043678284,-23.051700592041016,0.0637459084391594,0.07621334493160248,0.11062468588352203,0.2274923175573349
898,0.4644336998462677,-0.088335320353508,-23.175498962402344,0.06372638046741486,0.07370781153440475,0.3202827572822571,0.08806362748146057
899,0.41179513931274414,-0.09107763320207596,-22.933441162109375,0.0637068897485733,0.08367703855037689,0.16577686369419098,0.17276428639888763
900,0.3997500538825989,-0.0585506334900856,-23.105937957763672,0.06368740648031235,0.07583445310592651,0.1434781849384308,0.0871536061167717
901,0.3401145040988922,-0.06825895607471466,-23.165842056274414,0.06366793066263199,0.07653604447841644,0.19725893437862396,0.16298410296440125
902,0.3520829677581787,-0.04730825871229172,-23.207326889038086,0.06364845484495163,0.07330141216516495,0.12301617860794067,0.08798758685588837
903,0.348932147026062,-0.04643067717552185,-23.054431915283203,0.06362898647785187,0.08045855909585953,0.10105540603399277,0.1595531553030014
904,0.38441213965415955,-0.06141574680805206,-23.247482299804688,0.0636095255613327,0.07662226259708405,0.11731463670730591,0.17286153137683868
905,0.3771020472049713,-0.03791525214910507,-22.92428970336914,0.06359008699655533,0.07780621200799942,0.1586945354938507,0.12954318523406982
906,0.3846616744995117,-0.06360994279384613,-23.170303344726562,0.06357065588235855,0.07466108351945877,0.25098109245300293,0.1828906238079071
907,0.2542670667171478,-0.05012249946594238,-23.168701171875,0.06355122476816177,0.07362998276948929,0.43402519822120667,0.1276855617761612
908,0.30920279026031494,-0.0700119137763977,-23.129104614257812,0.06353180855512619,0.0772717222571373,0.1100691556930542,0.11880872398614883
909,0.43924346566200256,-0.057463619858026505,-23.2265682220459,0.0635123923420906,0.07763458788394928,0.247150257229805,0.13107606768608093
910,0.3784008324146271,-0.08188315480947495,-23.410167694091797,0.06349295377731323,0.07544601708650589,0.13662707805633545,0.14301705360412598
911,0.3591591715812683,-0.06490476429462433,-23.22355842590332,0.06347351521253586,0.07986778765916824,0.15887145698070526,0.12743939459323883
912,0.2592887282371521,-0.10921505093574524,-23.2369384765625,0.06345409154891968,0.07631035894155502,0.27485042810440063,0.20695777237415314
913,0.3366962671279907,-0.06481010466814041,-23.248489379882812,0.0634346678853035,0.07174602895975113,0.212344691157341,0.16836699843406677
914,0.43443939089775085,-0.06689433008432388,-23.143474578857422,0.06341525167226791,0.07771290838718414,0.3296915888786316,0.0889517292380333
915,0.28228551149368286,-0.05341707542538643,-23.278459548950195,0.06339584290981293,0.07508788257837296,0.2149534523487091,0.15947893261909485
916,0.34812891483306885,-0.1014554351568222,-23.100860595703125,0.06337644904851913,0.0760306566953659,0.2910664677619934,0.12685735523700714
917,0.3195914626121521,-0.07974691689014435,-23.143051147460938,0.06335707008838654,0.07236269861459732,0.10023842006921768,0.18515841662883759
918,0.5426137447357178,-0.07394977658987045,-23.122406005859375,0.06333770602941513,0.07304712384939194,0.47690722346305847,0.1703728288412094
919,0.5370193719863892,-0.048935528844594955,-23.074207305908203,0.06331834942102432,0.07588053494691849,0.7872554659843445,0.14184576272964478
920,0.3484955430030823,-0.05713006108999252,-23.217796325683594,0.06329900026321411,0.07886673510074615,0.11314790695905685,0.18168698251247406
921,0.29687386751174927,-0.07101017981767654,-23.29633331298828,0.0632796511054039,0.07387164235115051,0.2780300974845886,0.127620667219162
922,0.42320501804351807,-0.05041814222931862,-23.155061721801758,0.06326031684875488,0.07804475724697113,0.11185003072023392,0.09666604548692703
923,0.31335750222206116,-0.048213645815849304,-23.086509704589844,0.06324099749326706,0.07732300460338593,0.16580086946487427,0.09683975577354431
924,0.33414426445961,-0.030286509543657303,-23.178016662597656,0.06322168558835983,0.07373692095279694,0.08730537444353104,0.14915822446346283
925,0.4178975224494934,-0.03771952912211418,-23.173358917236328,0.0632023811340332,0.07504357397556305,0.28428709506988525,0.10106386989355087
926,0.3465708792209625,-0.039787646383047104,-23.280881881713867,0.06318307667970657,0.07444015145301819,0.3799290955066681,0.09023754298686981
927,0.30182331800460815,-0.04473939910531044,-23.160654067993164,0.06316378712654114,0.07364275306463242,0.30410662293434143,0.14557401835918427
928,0.2961771786212921,-0.03893103078007698,-23.17646026611328,0.0631444975733757,0.07938344776630402,0.18232744932174683,0.2184009999036789
929,0.40773963928222656,-0.030626565217971802,-22.976749420166016,0.06312523037195206,0.08084045350551605,0.10057248920202255,0.13768158853054047
930,0.3463767170906067,-0.04653053358197212,-23.354673385620117,0.06310595571994781,0.07072889804840088,0.25237083435058594,0.22404377162456512
931,0.36150187253952026,-0.052329324185848236,-23.150259017944336,0.06308669596910477,0.07509376108646393,0.212524875998497,0.18508018553256989
932,0.4350684881210327,-0.06446734815835953,-23.1044921875,0.06306745111942291,0.07753058522939682,0.16904863715171814,0.17659422755241394
933,0.325936496257782,-0.0487479604780674,-23.05829620361328,0.06304822117090225,0.0800214409828186,0.13845844566822052,0.14639611542224884
934,0.24053919315338135,-0.09743642807006836,-23.132272720336914,0.06302899867296219,0.08082164824008942,0.14805833995342255,0.13534635305404663
935,0.20108811557292938,-0.06662280112504959,-23.033252716064453,0.06300979107618332,0.0801728367805481,0.3579944968223572,0.19902054965496063
936,0.4420461058616638,-0.06689274311065674,-23.280136108398438,0.06299059838056564,0.07700267434120178,0.2660626471042633,0.1391492635011673
937,0.4019588232040405,-0.07466638088226318,-23.216896057128906,0.06297140568494797,0.07730986177921295,0.22075025737285614,0.1129695475101471
938,0.3915480971336365,-0.07645265758037567,-23.4959716796875,0.0629521906375885,0.07045231014490128,0.31407463550567627,0.10895706713199615
939,0.31844329833984375,-0.04771570861339569,-23.1214656829834,0.06293299794197083,0.0773388147354126,0.1932518035173416,0.09503617137670517
940,0.3157940208911896,-0.08019209653139114,-23.24587059020996,0.06291379779577255,0.07606664299964905,0.13103477656841278,0.08827317506074905
941,0.38882172107696533,-0.06018110737204552,-23.33208656311035,0.06289459764957428,0.0755295604467392,0.11653940379619598,0.13847088813781738
942,0.3174726068973541,-0.06740311533212662,-23.34476661682129,0.06287539750337601,0.07228131592273712,0.1331680566072464,0.10308215767145157
943,0.38658350706100464,-0.07811164855957031,-23.00788688659668,0.06285622715950012,0.07781365513801575,0.23671860992908478,0.11127354204654694
944,0.5433757305145264,-0.0538969561457634,-23.20995330810547,0.06283705681562424,0.0759907215833664,0.6676809787750244,0.21387307345867157
945,0.2800809442996979,-0.06923332810401917,-23.424945831298828,0.06281788647174835,0.07236575335264206,0.14244097471237183,0.13922573626041412
946,0.3947097063064575,-0.02290681004524231,-23.3017520904541,0.06279870122671127,0.07479571551084518,0.38346439599990845,0.08669676631689072
947,0.3240112066268921,-0.004579199478030205,-23.288816452026367,0.06277953088283539,0.07574273645877838,0.11117549240589142,0.12499098479747772
948,0.27066564559936523,-0.02111797034740448,-23.4320068359375,0.06276034563779831,0.07298991829156876,0.39085569977760315,0.11934787780046463
949,0.28636735677719116,-0.0353890024125576,-23.188222885131836,0.06274117529392242,0.07806941866874695,0.23672997951507568,0.15390907227993011
950,0.38372138142585754,-0.016494330018758774,-23.086172103881836,0.06272203475236893,0.07800780236721039,0.1513286530971527,0.10928607732057571
951,0.36724185943603516,-0.05709502100944519,-23.306598663330078,0.06270289421081543,0.07947321981191635,0.16380508244037628,0.16808898746967316
952,0.2596525549888611,-0.011376655660569668,-23.258434295654297,0.06268376111984253,0.07312534004449844,0.31067150831222534,0.17600299417972565
953,0.22787417471408844,-0.042641542851924896,-23.200912475585938,0.06266463547945023,0.07575098425149918,0.36499345302581787,0.08002292364835739
954,0.37531429529190063,-0.025586917996406555,-23.36202621459961,0.06264551728963852,0.07747684419155121,0.1074252799153328,0.09191597998142242
955,0.4384005665779114,-0.024683872237801552,-23.278650283813477,0.06262639909982681,0.07596956938505173,0.23902428150177002,0.08378901332616806
956,0.3541862964630127,-0.037868574261665344,-23.20726776123047,0.0626072883605957,0.07627195864915848,0.20124059915542603,0.13714641332626343
957,0.4239336848258972,0.013612078502774239,-23.163026809692383,0.06258819997310638,0.07545717805624008,0.28616049885749817,0.17101909220218658
958,0.3135424256324768,-0.02071617729961872,-23.349994659423828,0.06256911903619766,0.07913903892040253,0.19726714491844177,0.1249845027923584
959,0.3328670859336853,-0.0340266078710556,-23.26403045654297,0.06255004554986954,0.07943416386842728,0.15003229677677155,0.14729027450084686
960,0.3404056429862976,-0.04305339604616165,-23.026418685913086,0.0625309869647026,0.07896503806114197,0.22329850494861603,0.14517554640769958
961,0.24770286679267883,-0.046832308173179626,-23.194948196411133,0.06251193583011627,0.07591624557971954,0.18599045276641846,0.10642021894454956
962,0.28220850229263306,-0.035158492624759674,-23.353557586669922,0.062492892146110535,0.07530555129051208,0.34817251563072205,0.09895066916942596
963,0.3125467598438263,-0.02843710035085678,-23.382198333740234,0.0624738372862339,0.07717958092689514,0.14367401599884033,0.11063084006309509
964,0.4195396304130554,-0.028891567140817642,-23.2930908203125,0.062454789876937866,0.0753379687666893,0.2427140176296234,0.08469890058040619
965,0.3754595220088959,-0.005849456414580345,-23.140186309814453,0.06243576481938362,0.08075655996799469,0.35933977365493774,0.1582406461238861
966,0.40783190727233887,-0.013708206824958324,-23.18497657775879,0.06241675838828087,0.07799238711595535,0.24397166073322296,0.12470341473817825
967,0.12641564011573792,-0.06235097348690033,-23.32177734375,0.06239774078130722,0.07765109837055206,0.7249739170074463,0.07293997704982758
968,0.28369003534317017,-0.027333363890647888,-23.218246459960938,0.06237874552607536,0.07623840868473053,0.3793521523475647,0.15046130120754242
969,0.279636412858963,-0.04063991457223892,-23.414281845092773,0.06235974282026291,0.07271905988454819,0.1400022953748703,0.15414699912071228
970,0.27770107984542847,-0.03088897466659546,-23.31283950805664,0.06234074383974075,0.07230474054813385,0.24394862353801727,0.16077351570129395
971,0.3329647183418274,-0.05704741179943085,-23.336570739746094,0.062321752309799194,0.07535650581121445,0.16084995865821838,0.12082885950803757
972,0.44080838561058044,-0.018534602597355843,-23.157854080200195,0.06230276823043823,0.08251942694187164,0.43085741996765137,0.17568521201610565
973,0.4284101724624634,-0.038657426834106445,-23.221960067749023,0.062283799052238464,0.07306466996669769,0.3586202561855316,0.13543936610221863
974,0.3902394771575928,-0.049921903759241104,-23.27732276916504,0.06226484104990959,0.0772365853190422,0.2823316156864166,0.10645199567079544
975,0.27586326003074646,-0.07894366979598999,-23.41845703125,0.062245871871709824,0.0748746320605278,0.2144840657711029,0.15342481434345245
976,0.26300159096717834,-0.0582287535071373,-23.346298217773438,0.062226906418800354,0.07755149155855179,0.1652052104473114,0.1768368035554886
977,0.33541393280029297,-0.03601091727614403,-23.24749755859375,0.06220795214176178,0.0774332582950592,0.3610348701477051,0.12206356972455978
978,0.27704232931137085,-0.04706178978085518,-23.37877082824707,0.062188997864723206,0.07946308702230453,0.13966938853263855,0.1661890745162964
979,0.24579522013664246,-0.06126540154218674,-23.145736694335938,0.06217006593942642,0.07849805057048798,0.08919726312160492,0.12289263308048248
980,0.3477402329444885,-0.03223186731338501,-23.391984939575195,0.062151141464710236,0.07973253726959229,0.10395918041467667,0.1066201850771904
981,0.3620336055755615,-0.007539782207459211,-23.416465759277344,0.06213220953941345,0.07262028753757477,0.1666920930147171,0.1456202119588852
982,0.3926253318786621,-0.03722895681858063,-23.395660400390625,0.06211327761411667,0.07283996045589447,0.17372538149356842,0.0930325984954834
983,0.4504770338535309,-0.025336258113384247,-23.518482208251953,0.06209434196352959,0.07983284443616867,0.5394629240036011,0.16118264198303223
984,0.20652975142002106,-0.025707947090268135,-23.271160125732422,0.0620754100382328,0.07928411662578583,0.43793928623199463,0.1438378542661667
985,0.3671327233314514,-0.006898380350321531,-23.3940372467041,0.06205648183822632,0.07779054343700409,0.30273112654685974,0.12906032800674438
986,0.37423175573349,0.018247518688440323,-23.274940490722656,0.06203756108880043,0.08113809674978256,0.33593010902404785,0.15710829198360443
987,0.4218689203262329,-0.006024859845638275,-23.476842880249023,0.06201864778995514,0.07494030892848969,0.34292522072792053,0.10837246477603912
988,0.23980391025543213,-0.039800651371479034,-23.295148849487305,0.061999738216400146,0.0735045075416565,0.22896909713745117,0.09364688396453857
989,0.2770425081253052,-0.027443520724773407,-23.363178253173828,0.06198083609342575,0.07261121273040771,0.1833370178937912,0.12239556014537811
990,0.29010653495788574,-0.004933506716042757,-23.23223304748535,0.06196195259690285,0.07577267289161682,0.29949724674224854,0.13271357119083405
991,0.3955402374267578,0.013069536536931992,-23.394031524658203,0.06194307655096054,0.07315337657928467,0.40698856115341187,0.14864151179790497
992,0.2644323706626892,-0.0057383934035897255,-23.18852996826172,0.06192421913146973,0.07785587012767792,0.19091467559337616,0.16062262654304504
993,0.23041792213916779,-0.0029582874849438667,-23.258346557617188,0.06190536916255951,0.07596482336521149,0.3972071707248688,0.15010131895542145
994,0.2237466722726822,-0.035511117428541183,-23.396804809570312,0.06188652291893959,0.07298996299505234,0.12205242365598679,0.1478683203458786
995,0.3673778474330902,-0.006094988435506821,-23.385082244873047,0.06186768412590027,0.08073015511035919,0.19969330728054047,0.1621793508529663
996,0.2570714056491852,0.009342247620224953,-23.221595764160156,0.06184886768460274,0.07637058198451996,0.2893435060977936,0.14274583756923676
997,0.41571512818336487,-0.00597947696223855,-23.440242767333984,0.06183004006743431,0.07803155481815338,0.4681571125984192,0.15404237806797028
998,0.4122657775878906,0.007624226156622171,-23.523509979248047,0.06181120127439499,0.07420548796653748,0.24603363871574402,0.1579357534646988
999,0.23985879123210907,-0.026902809739112854,-23.342947006225586,0.061792369931936264,0.07683086395263672,0.20923876762390137,0.12508340179920197
1000,0.337755024433136,-0.017487438395619392,-23.402198791503906,0.061773546040058136,0.07705485820770264,0.21307499706745148,0.110142283141613
1001,0.3338303565979004,-0.010849958285689354,-23.547239303588867,0.061754725873470306,0.08023864030838013,0.2098921835422516,0.2243322879076004
1002,0.20031142234802246,-0.0428403839468956,-23.461530685424805,0.06173589825630188,0.07459373027086258,0.14412683248519897,0.12446688115596771
1003,0.37927505373954773,0.03379560634493828,-23.41299819946289,0.06171707436442375,0.07684257626533508,0.16849017143249512,0.12211565673351288
1004,0.2793859839439392,-0.030999723821878433,-23.485538482666016,0.06169825792312622,0.07230926305055618,0.24364176392555237,0.16520988941192627
1005,0.28195035457611084,0.0036850839387625456,-23.187421798706055,0.06167946383357048,0.0796760693192482,0.28088387846946716,0.11264312267303467
1006,0.26943641901016235,-0.018087808042764664,-23.53472328186035,0.061660654842853546,0.07921263575553894,0.12645575404167175,0.11088083684444427
1007,0.3960094451904297,-0.019475208595395088,-23.280838012695312,0.0616418719291687,0.0765606015920639,0.3108444809913635,0.0790574923157692
1008,0.2977107763290405,0.008145174942910671,-23.240863800048828,0.06162310764193535,0.07901155203580856,0.3406512439250946,0.13639311492443085
1009,0.31136536598205566,-0.029249614104628563,-23.487930297851562,0.061604347079992294,0.0746154859662056,0.13524512946605682,0.12959997355937958
1010,0.4323715567588806,0.03176199272274971,-23.515832901000977,0.06158557906746864,0.0739014595746994,0.435718834400177,0.11245378106832504
1011,0.31300443410873413,0.050149232149124146,-23.313264846801758,0.06156683340668678,0.07753261178731918,0.1784553825855255,0.1102895736694336
1012,0.36689579486846924,0.042593978345394135,-23.608524322509766,0.06154807657003403,0.07462829351425171,0.24386535584926605,0.1328069269657135
1013,0.25222066044807434,0.011659430339932442,-23.452848434448242,0.06152932345867157,0.07278677821159363,0.10409747064113617,0.1103605180978775
1014,0.38879477977752686,0.036304324865341187,-23.683067321777344,0.06151055172085762,0.07119926065206528,0.09320417046546936,0.09744900465011597
1015,0.23560650646686554,0.05513497069478035,-23.50216293334961,0.06149178370833397,0.07392822206020355,0.28686603903770447,0.1670425832271576
1016,0.35688963532447815,0.06122572720050812,-23.64715576171875,0.06147300451993942,0.0741601437330246,0.28200042247772217,0.2075873464345932
1017,0.2578864097595215,0.051836248487234116,-23.444536209106445,0.06145424768328667,0.07905040681362152,0.4135643541812897,0.14138229191303253
1018,0.30603599548339844,0.03223593533039093,-23.3218994140625,0.06143549457192421,0.07818081974983215,0.14792266488075256,0.21177645027637482
1019,0.40880799293518066,0.0717872902750969,-23.32521629333496,0.06141676381230354,0.07992345094680786,0.21693338453769684,0.14987556636333466
1020,0.35225921869277954,0.06337814778089523,-23.264286041259766,0.06139805540442467,0.07846634089946747,0.28087422251701355,0.09118242561817169
1021,0.35743916034698486,0.09420125186443329,-23.455974578857422,0.06137934699654579,0.07435990124940872,0.1416996717453003,0.1678650975227356
1022,0.33055800199508667,0.038699712604284286,-23.350135803222656,0.061360664665699005,0.077074334025383,0.1736331731081009,0.16676738858222961
1023,0.32797005772590637,0.06460043042898178,-23.378015518188477,0.06134198606014252,0.07741822302341461,0.09317252784967422,0.07930510491132736
1024,0.19334100186824799,0.0175549928098917,-23.385971069335938,0.06132332608103752,0.0763312503695488,0.30949491262435913,0.15826626121997833
1025,0.4331721067428589,0.04275432974100113,-23.612979888916016,0.06130465865135193,0.07492665946483612,0.3357665240764618,0.08367982506752014
1026,0.32162702083587646,0.030580643564462662,-23.61335563659668,0.06128598004579544,0.0692310780286789,0.17416100203990936,0.1761912852525711
1027,0.35761532187461853,0.02942207269370556,-23.43600082397461,0.06126731261610985,0.07939426600933075,0.11756813526153564,0.09083085507154465
1028,0.33774203062057495,-0.016440987586975098,-23.424728393554688,0.061248645186424255,0.07535187900066376,0.16328555345535278,0.10456880927085876
1029,0.33705368638038635,0.04619058594107628,-23.574642181396484,0.06122998520731926,0.07298575341701508,0.31902286410331726,0.13957884907722473
1030,0.3653961420059204,0.06105182319879532,-23.529075622558594,0.06121133267879486,0.07541913539171219,0.22059686481952667,0.14454828202724457
1031,0.35171717405319214,0.03743036836385727,-23.57678985595703,0.06119266897439957,0.07575128972530365,0.1390557736158371,0.13900306820869446
1032,0.3768948018550873,0.044006675481796265,-23.478748321533203,0.06117401272058487,0.07726944983005524,0.15334296226501465,0.11711999773979187
1033,0.2222282886505127,-0.02634541690349579,-23.210979461669922,0.06115538999438286,0.08185034990310669,0.4596176743507385,0.1268259882926941
1034,0.3096352219581604,0.016032669693231583,-23.147655487060547,0.06113680452108383,0.07824427634477615,0.20010851323604584,0.10148097574710846
1035,0.3188769817352295,-0.008449635468423367,-23.474699020385742,0.061118222773075104,0.07632554322481155,0.17151190340518951,0.0901818498969078
1036,0.2223433256149292,0.03685822710394859,-23.306215286254883,0.061099644750356674,0.0807708129286766,0.19720573723316193,0.14463426172733307
1037,0.3235063850879669,-0.0027532167732715607,-23.47039794921875,0.06108107417821884,0.07651840150356293,0.1809426248073578,0.11145803332328796
1038,0.32551664113998413,0.0065070865675807,-23.4759578704834,0.061062511056661606,0.07635341584682465,0.23472577333450317,0.10184592008590698
1039,0.2040107548236847,-0.0008113738149404526,-23.449886322021484,0.06104395166039467,0.07527414709329605,0.24313117563724518,0.13103635609149933
1040,0.2834406793117523,0.025080518797039986,-23.3830623626709,0.061025410890579224,0.07895786315202713,0.15702348947525024,0.12166833132505417
1041,0.27316755056381226,0.007550278678536415,-23.691509246826172,0.06100684776902199,0.07418219745159149,0.31436675786972046,0.13063277304172516
1042,0.375211238861084,0.027158424258232117,-23.38913917541504,0.06098830699920654,0.07678858935832977,0.24465139210224152,0.10587053000926971
1043,0.37288692593574524,0.03251248598098755,-23.24993133544922,0.06096978485584259,0.07646160572767258,0.40366438031196594,0.12168324738740921
1044,0.2263374775648117,0.011254217475652695,-23.47214126586914,0.060951266437768936,0.07810582965612411,0.13630379736423492,0.13319629430770874
1045,0.41266119480133057,0.024419942870736122,-23.665966033935547,0.060932744294404984,0.07409914582967758,0.4550803601741791,0.12295196205377579
1046,0.3085700273513794,0.008607842959463596,-23.464418411254883,0.06091422215104103,0.07814423739910126,0.10510209947824478,0.12113253027200699
1047,0.16980761289596558,0.017591942101716995,-23.490352630615234,0.060895707458257675,0.07456611096858978,0.3095162808895111,0.158310204744339
1048,0.3822859525680542,0.10868953168392181,-23.440683364868164,0.060877200216054916,0.07292245328426361,0.16869831085205078,0.18358668684959412
1049,0.3749329745769501,0.04578679800033569,-23.53229522705078,0.060858696699142456,0.07245601713657379,0.2747195363044739,0.10082760453224182
1050,0.19499579071998596,0.047586847096681595,-23.44401741027832,0.06084020063281059,0.07772473990917206,0.18958216905593872,0.12630268931388855
1051,0.21435680985450745,0.002507372759282589,-23.426706314086914,0.06082172319293022,0.0784611701965332,0.22389042377471924,0.12418875843286514
1052,0.3259642720222473,0.05316322669386864,-23.590543746948242,0.060803238302469254,0.07003267109394073,0.1821819692850113,0.16049963235855103
1053,0.2073460817337036,0.06054550036787987,-23.497730255126953,0.060784757137298584,0.07894112169742584,0.2013089507818222,0.17141029238700867
1054,0.34715503454208374,0.07760612666606903,-23.5411376953125,0.06076628342270851,0.07517985999584198,0.1949772983789444,0.13159748911857605
1055,0.2124590128660202,0.026906657963991165,-23.61255645751953,0.06074779853224754,0.07862374186515808,0.14276322722434998,0.167704775929451
1056,0.3218754529953003,0.04046911001205444,-23.341279983520508,0.060729335993528366,0.07814978063106537,0.26286643743515015,0.09013284742832184
1057,0.3472961187362671,0.05767146497964859,-23.523101806640625,0.06071087718009949,0.07556037604808807,0.13823877274990082,0.12295128405094147
1058,0.2164892554283142,0.03243090212345123,-23.519515991210938,0.060692425817251205,0.07752915471792221,0.1901007890701294,0.1413387656211853
1059,0.2861785888671875,0.026803530752658844,-23.53559112548828,0.06067397817969322,0.07486867904663086,0.10054323822259903,0.14026229083538055
1060,0.3799785375595093,0.055061787366867065,-23.575834274291992,0.060655537992715836,0.08242364227771759,0.42252621054649353,0.2194976657629013
1061,0.26212161779403687,0.021143246442079544,-23.47327423095703,0.06063710153102875,0.07822714000940323,0.36659735441207886,0.118132583796978
1062,0.29886823892593384,0.050326645374298096,-23.646930694580078,0.06061865761876106,0.07511137425899506,0.11116327345371246,0.07434368878602982
1063,0.28991785645484924,0.07991746813058853,-23.488733291625977,0.06060023233294487,0.08240216225385666,0.17025762796401978,0.19167999923229218
1064,0.2711343467235565,0.03345871716737747,-23.587081909179688,0.060581814497709274,0.07786814868450165,0.1671791821718216,0.14569810032844543
1065,0.24797335267066956,0.04618263617157936,-23.583250045776367,0.06056338548660278,0.07569768279790878,0.25262129306793213,0.09931684285402298
1066,0.17107032239437103,0.045320961624383926,-23.606176376342773,0.06054496392607689,0.07563070207834244,0.3243703246116638,0.11031797528266907
1067,0.31907784938812256,0.04514947533607483,-23.59084129333496,0.06052654981613159,0.07494400441646576,0.3346376121044159,0.12251222133636475
1068,0.27855703234672546,0.041151318699121475,-23.656522750854492,0.0605081245303154,0.08086454123258591,0.17409878969192505,0.17486092448234558
1069,0.325801819562912,0.07198498398065567,-23.540172576904297,0.0604897178709507,0.07135030627250671,0.18789967894554138,0.1605633944272995
1070,0.21843045949935913,0.0809854120016098,-23.340822219848633,0.06047133356332779,0.07490140199661255,0.1881975531578064,0.13005785644054413
1071,0.310634970664978,0.05565361678600311,-23.438358306884766,0.06045296788215637,0.07103905081748962,0.13206331431865692,0.17990683019161224
1072,0.3333675265312195,0.07936923205852509,-23.40612030029297,0.06043460965156555,0.07185791432857513,0.2270583212375641,0.16803467273712158
1073,0.31987881660461426,0.07191717624664307,-23.44720458984375,0.060416270047426224,0.07657763361930847,0.33545786142349243,0.11470913887023926
1074,0.16215232014656067,0.030451634898781776,-23.62354278564453,0.060397919267416,0.07095988094806671,0.6853455901145935,0.14603671431541443
1075,0.23316651582717896,0.019204191863536835,-23.628833770751953,0.060379575937986374,0.07368684560060501,0.14536866545677185,0.07203095406293869
1076,0.27613943815231323,0.05389793589711189,-23.579946517944336,0.060361240059137344,0.0770629346370697,0.18052938580513,0.09363750368356705
1077,0.2727706730365753,0.045307304710149765,-23.59722137451172,0.06034290790557861,0.0784120112657547,0.22271883487701416,0.20999693870544434
1078,0.28276628255844116,0.041647616773843765,-23.54659652709961,0.06032458320260048,0.07865621894598007,0.17544835805892944,0.18295340240001678
1079,0.47921425104141235,0.06276343762874603,-23.52998161315918,0.06030626222491264,0.07678532600402832,0.6993029713630676,0.13240186870098114
1080,0.24281133711338043,0.03322987258434296,-23.649654388427734,0.06028793379664421,0.07725968211889267,0.12613463401794434,0.11282067745923996
1081,0.3302219808101654,0.08197373896837234,-23.516386032104492,0.06026962399482727,0.07825668156147003,0.22721724212169647,0.11840413510799408
1082,0.366204172372818,0.119471475481987,-23.46995735168457,0.06025131791830063,0.08019012212753296,0.12489410489797592,0.1742313653230667
1083,0.3271220326423645,0.11120468378067017,-23.685482025146484,0.060233019292354584,0.07578916847705841,0.1134948804974556,0.14728103578090668
1084,0.27645808458328247,0.05209151655435562,-23.549224853515625,0.060214728116989136,0.07829826325178146,0.31264567375183105,0.11148473620414734
1085,0.3755841851234436,0.08602099865674973,-23.580425262451172,0.060196440666913986,0.07976533472537994,0.21512088179588318,0.16321006417274475
1086,0.19318798184394836,0.08311958611011505,-23.417869567871094,0.06017817556858063,0.07932935655117035,0.5481443405151367,0.1591908484697342
1087,0.4924781918525696,0.09969177842140198,-23.55159568786621,0.06015991419553757,0.07809094339609146,0.5564215779304504,0.17558667063713074
1088,0.34937697649002075,0.08965924382209778,-23.660934448242188,0.060141656547784805,0.07505913078784943,0.3945262134075165,0.17151203751564026
1089,0.18467450141906738,0.05321348085999489,-23.707672119140625,0.06012339144945145,0.07345733046531677,0.3700888156890869,0.11770223081111908
1090,0.398480087518692,0.10615788400173187,-23.688323974609375,0.06010511890053749,0.0748467817902565,0.533057689666748,0.1678777039051056
1091,0.2479516863822937,0.07298047840595245,-23.666637420654297,0.060086850076913834,0.07332515716552734,0.29298755526542664,0.11008104681968689
1092,0.31987279653549194,0.13199473917484283,-23.71173858642578,0.060068584978580475,0.08073482662439346,0.32623037695884705,0.14463801681995392
1093,0.34684547781944275,0.11395251005887985,-23.701583862304688,0.06005031615495682,0.07538706064224243,0.4241061806678772,0.1288086324930191
1094,0.28161245584487915,0.06510400027036667,-23.7351016998291,0.06003204733133316,0.07526072859764099,0.15379764139652252,0.09249327331781387
1095,0.2222023606300354,0.07692332565784454,-23.712665557861328,0.060013774782419205,0.07566456496715546,0.45790529251098633,0.13038526475429535
1096,0.28098180890083313,0.12838022410869598,-23.672269821166992,0.05999550595879555,0.07448710501194,0.19189178943634033,0.104597307741642
1097,0.37239643931388855,0.09631896764039993,-23.880672454833984,0.059977225959300995,0.07435932010412216,0.3236461877822876,0.14856454730033875
1098,0.37021031975746155,0.12551236152648926,-23.51206398010254,0.05995896831154823,0.07558941841125488,0.27879318594932556,0.16619567573070526
1099,0.2782173752784729,0.10423021018505096,-23.491275787353516,0.05994073301553726,0.07699538767337799,0.6212673187255859,0.12050558626651764
1100,0.28344041109085083,0.1086190715432167,-23.545089721679688,0.059922512620687485,0.07149878889322281,0.18976357579231262,0.15386396646499634
1101,0.36386269330978394,0.12990573048591614,-23.61980438232422,0.059904299676418304,0.07657748460769653,0.5028428435325623,0.14315947890281677
1102,0.28116095066070557,0.09549490362405777,-23.68625831604004,0.05988609418272972,0.07661791145801544,0.2979656457901001,0.0876244530081749
1103,0.27782535552978516,0.13053996860980988,-23.665613174438477,0.059867892414331436,0.07040026038885117,0.20782433450222015,0.14561744034290314
1104,0.2973436713218689,0.11325014382600784,-23.587236404418945,0.05984969437122345,0.07354514300823212,0.21312472224235535,0.12154533714056015
1105,0.3134521543979645,0.13307258486747742,-23.50922393798828,0.059831518679857254,0.07479001581668854,0.17914150655269623,0.14342032372951508
1106,0.2636914849281311,0.1100626215338707,-23.612077713012695,0.059813350439071655,0.07728157937526703,0.2613414227962494,0.1728556603193283
1107,0.26613321900367737,0.10919754207134247,-23.51734733581543,0.05979519709944725,0.0794038251042366,0.3957769572734833,0.11741215735673904
1108,0.3718898296356201,0.07312467694282532,-23.598176956176758,0.05977705121040344,0.07401175051927567,0.4501928389072418,0.11255435645580292
1109,0.26021236181259155,0.12767642736434937,-23.523300170898438,0.059758927673101425,0.07623721659183502,0.14058203995227814,0.12069490551948547
1110,0.2366522252559662,0.06374744325876236,-23.711145401000977,0.05974079295992851,0.07701463997364044,0.25664669275283813,0.13352981209754944
1111,0.2348569929599762,0.10363337397575378,-23.609729766845703,0.0597226619720459,0.07919849455356598,0.3528485894203186,0.1642831265926361
1112,0.20051348209381104,0.0589081309735775,-23.62841796875,0.05970453843474388,0.08066067844629288,0.3089241087436676,0.17446944117546082
1113,0.3441571593284607,0.09963787347078323,-23.652406692504883,0.05968642234802246,0.07447194308042526,0.18125295639038086,0.11273906379938126
1114,0.3269221782684326,0.11104258894920349,-23.59800148010254,0.05966832488775253,0.07722698152065277,0.10105270892381668,0.12799347937107086
1115,0.34857213497161865,0.06801974773406982,-23.556093215942383,0.0596502311527729,0.07972157001495361,0.282563179731369,0.11965463310480118
1116,0.38691771030426025,0.10295356810092926,-23.593292236328125,0.05963214486837387,0.07411649078130722,0.6993954181671143,0.1470872014760971
1117,0.26802223920822144,0.11560551077127457,-23.58904266357422,0.05961407721042633,0.08011222630739212,0.238225057721138,0.2087603211402893
1118,0.16953888535499573,0.04027165099978447,-23.531091690063477,0.05959601327776909,0.08128366619348526,0.2419680505990982,0.22423702478408813
1119,0.3432973027229309,0.09105473756790161,-23.552711486816406,0.05957797169685364,0.07778598368167877,0.4482080042362213,0.10635487735271454
1120,0.34335213899612427,0.09569825232028961,-23.489377975463867,0.059559933841228485,0.07936669886112213,0.2545822858810425,0.17050223052501678
1121,0.30378425121307373,0.13002264499664307,-23.65060806274414,0.05954190343618393,0.07533147186040878,0.3708018958568573,0.13208462297916412
1122,0.3750078082084656,0.15800271928310394,-23.42259407043457,0.059523891657590866,0.07959357649087906,0.5198848843574524,0.08887649327516556
1123,0.3348575830459595,0.16876208782196045,-23.589557647705078,0.0595058836042881,0.07330536842346191,0.1546998769044876,0.1289229691028595
1124,0.20711062848567963,0.050098907202482224,-23.56571388244629,0.05948788300156593,0.07767485827207565,0.24407826364040375,0.1051597073674202
1125,0.25807976722717285,0.17892885208129883,-23.48006248474121,0.05946990102529526,0.0780361220240593,0.814994752407074,0.10920912027359009
1126,0.3198278248310089,0.12921175360679626,-23.97978973388672,0.05945189669728279,0.07194529473781586,0.3435859680175781,0.1713670939207077
1127,0.32287901639938354,0.11093208938837051,-23.6594295501709,0.05943389981985092,0.07536200433969498,0.39089637994766235,0.26403751969337463
1128,0.34693092107772827,0.07103440165519714,-23.624380111694336,0.05941590666770935,0.07800178974866867,0.26784056425094604,0.1370941400527954
1129,0.2825358510017395,0.10329215973615646,-23.7908935546875,0.059397902339696884,0.07173742353916168,0.25668519735336304,0.12208963185548782
1130,0.26748672127723694,0.10950985550880432,-23.69626235961914,0.059379905462265015,0.0725955069065094,0.35094892978668213,0.1928270161151886
1131,0.33852702379226685,0.09840413182973862,-23.49957275390625,0.059361930936574936,0.07798637449741364,0.22726066410541534,0.13829509913921356
1132,0.3613099753856659,0.07562614977359772,-23.685176849365234,0.05934395641088486,0.07791973650455475,0.7306699156761169,0.12104843556880951
1133,0.2968481779098511,0.1099093109369278,-23.94009780883789,0.059325963258743286,0.07204890251159668,0.22021053731441498,0.12728220224380493
1134,0.20859307050704956,0.08266492187976837,-23.59845733642578,0.05930798873305321,0.07659895718097687,0.3398539423942566,0.1447593718767166
1135,0.21505430340766907,0.08881371468305588,-23.429018020629883,0.05929003283381462,0.07888452708721161,0.21699129045009613,0.15959705412387848
1136,0.39211946725845337,0.12318569421768188,-23.787450790405273,0.05927206948399544,0.07494442164897919,0.27661648392677307,0.12876616418361664
1137,0.2741864323616028,0.11833801865577698,-23.63421058654785,0.05925410985946655,0.07265184819698334,0.14976733922958374,0.13902418315410614
1138,0.24801528453826904,0.1379053294658661,-23.36569595336914,0.05923618748784065,0.07978585362434387,0.20336344838142395,0.14704258739948273
1139,0.25624921917915344,0.134572833776474,-23.7827091217041,0.05921825394034386,0.07630856335163116,0.498823344707489,0.11097431182861328
1140,0.24320727586746216,0.11449801176786423,-23.489463806152344,0.05920033901929855,0.07825487107038498,0.196266770362854,0.16371402144432068
1141,0.22177575528621674,0.05519751086831093,-23.75877571105957,0.05918243154883385,0.07194511592388153,0.26392337679862976,0.1519206315279007
1142,0.25296083092689514,0.060460545122623444,-23.642135620117188,0.05916452780365944,0.07631394267082214,0.23293443024158478,0.07655928283929825
1143,0.22202204167842865,0.09783738851547241,-23.65841293334961,0.05914662778377533,0.07769324630498886,0.3949808180332184,0.10432503372430801
1144,0.2755875289440155,0.06392724812030792,-23.755197525024414,0.05912872403860092,0.07711735367774963,0.25628551840782166,0.09330485016107559
1145,0.30672353506088257,0.0178289245814085,-23.651464462280273,0.05911083519458771,0.07959987968206406,0.34486836194992065,0.15931645035743713
1146,0.3329278230667114,0.10716661810874939,-24.023265838623047,0.059092927724123,0.07332684099674225,0.3146243393421173,0.1146063506603241
1147,0.3051791191101074,0.08829145133495331,-23.655345916748047,0.05907502397894859,0.07625029236078262,0.293814092874527,0.11912757903337479
1148,0.24621915817260742,0.12044359743595123,-23.829381942749023,0.05905710905790329,0.07566911727190018,0.33516833186149597,0.1180695965886116
1149,0.2570234537124634,0.11194886267185211,-23.90180206298828,0.05903918668627739,0.07386153936386108,0.24823278188705444,0.1451028287410736
1150,0.5149351358413696,0.12007682025432587,-23.639606475830078,0.05902128666639328,0.0794837698340416,1.0888502597808838,0.16427375376224518
1151,0.208688884973526,0.1270493119955063,-23.957780838012695,0.059003375470638275,0.07416178286075592,0.5868774652481079,0.09988979250192642
1152,0.3107549548149109,0.14611423015594482,-23.657821655273438,0.05898547172546387,0.07921748608350754,0.19040976464748383,0.09713687002658844
1153,0.30326324701309204,0.1802005022764206,-23.8165283203125,0.05896757170557976,0.0770595446228981,0.40240392088890076,0.09506946802139282
1154,0.2962186634540558,0.10497061908245087,-23.961668014526367,0.05894966050982475,0.07504286617040634,0.27644816040992737,0.12159748375415802
1155,0.35364508628845215,0.19387179613113403,-23.63785171508789,0.05893177166581154,0.08130279183387756,0.440069317817688,0.12259211391210556
1156,0.3368430733680725,0.17554345726966858,-23.878801345825195,0.05891387537121773,0.07197447866201401,0.24816791713237762,0.15185649693012238
1157,0.2701423764228821,0.178452268242836,-23.877140045166016,0.058895982801914215,0.07361626625061035,0.4066828787326813,0.11683008819818497
1158,0.27154481410980225,0.13767816126346588,-23.753341674804688,0.0588780976831913,0.07758177816867828,0.1453406810760498,0.1365446001291275
1159,0.24925941228866577,0.13095107674598694,-23.61838150024414,0.058860231190919876,0.07503359019756317,0.5052513480186462,0.10655336081981659
1160,0.20749156177043915,0.08879798650741577,-23.872398376464844,0.05884236842393875,0.07580730319023132,0.5940722823143005,0.11302251368761063
1161,0.3719078302383423,0.13606955111026764,-23.758926391601562,0.05882451310753822,0.07820676267147064,0.2876587510108948,0.1077265590429306
1162,0.22361290454864502,0.08808436244726181,-23.913352966308594,0.0588066466152668,0.07456110417842865,0.32050931453704834,0.1325606256723404
1163,0.4051501452922821,0.07717066258192062,-23.424617767333984,0.05878881365060806,0.08080488443374634,0.6442071795463562,0.1580103039741516
1164,0.22713783383369446,0.07934112846851349,-23.714378356933594,0.058771003037691116,0.07551191747188568,0.17778199911117554,0.08083007484674454
1165,0.28511422872543335,0.12067130208015442,-23.78245735168457,0.05875319615006447,0.07591738551855087,0.2730133533477783,0.16238011419773102
1166,0.19962039589881897,0.09378959983587265,-23.739337921142578,0.05873539671301842,0.07774630934000015,0.30827149748802185,0.0883447602391243
1167,0.35862791538238525,0.10648892819881439,-23.775354385375977,0.058717601001262665,0.07134151458740234,0.5727878212928772,0.14742359519004822
1168,0.3040839433670044,0.126947283744812,-23.86345863342285,0.05869979411363602,0.07262896001338959,0.3173993229866028,0.12343408167362213
1169,0.3060951232910156,0.13528656959533691,-23.858688354492188,0.058681994676589966,0.07323714345693588,0.23758526146411896,0.12233072519302368
1170,0.4386310577392578,0.2140847146511078,-23.89421272277832,0.05866418778896332,0.07384820282459259,0.43860867619514465,0.12804390490055084
1171,0.4094551205635071,0.1651463806629181,-24.11315155029297,0.05864637345075607,0.07336214929819107,0.4553692638874054,0.1277702897787094
1172,0.2459793984889984,0.14226175844669342,-23.441143035888672,0.058628588914871216,0.08043670654296875,0.4747260510921478,0.16850464046001434
1173,0.29683107137680054,0.1335291564464569,-23.863628387451172,0.058610811829566956,0.07616691291332245,0.19477945566177368,0.123916395008564
1174,0.40171337127685547,0.17804180085659027,-23.699676513671875,0.058593038469552994,0.07672984898090363,0.4604894518852234,0.08564800769090652
1175,0.19216741621494293,0.1814030259847641,-23.725513458251953,0.05857528746128082,0.08028091490268707,0.5467696189880371,0.17137359082698822
1176,0.38907331228256226,0.21285705268383026,-23.86345863342285,0.058557525277137756,0.07467508316040039,0.465448260307312,0.10162894427776337
1177,0.3580366373062134,0.21120896935462952,-23.494884490966797,0.058539796620607376,0.07548394054174423,0.17686864733695984,0.21354815363883972
1178,0.20490571856498718,0.1806386411190033,-23.595468521118164,0.05852209031581879,0.07763292640447617,0.39918187260627747,0.11380735039710999
1179,0.23996038734912872,0.17087151110172272,-23.560562133789062,0.05850439891219139,0.07886132597923279,0.5581931471824646,0.13720595836639404
1180,0.3107002079486847,0.11984842270612717,-23.635480880737305,0.058486729860305786,0.08143627643585205,0.15859855711460114,0.23703569173812866
1181,0.234829843044281,0.1574971079826355,-23.72587013244629,0.05846906453371048,0.07505182176828384,0.2495824694633484,0.1502598226070404
1182,0.2564164400100708,0.1167241632938385,-23.886425018310547,0.058451391756534576,0.0805731862783432,0.5762845277786255,0.13179823756217957
1183,0.2957969903945923,0.16699625551700592,-23.98293685913086,0.05843370780348778,0.07445260137319565,0.1348237246274948,0.09783221781253815
1184,0.1974858194589615,0.10465861111879349,-23.989295959472656,0.05841601639986038,0.07731901109218597,0.22812648117542267,0.1988343447446823
1185,0.3188309669494629,0.07360003143548965,-23.870607376098633,0.05839831754565239,0.07464089244604111,0.3354397118091583,0.13692408800125122
1186,0.2397039830684662,0.13154372572898865,-23.79994773864746,0.05838064104318619,0.07686004787683487,0.29462820291519165,0.09902452677488327
1187,0.22583948075771332,0.08993515372276306,-23.974184036254883,0.05836294963955879,0.08070187270641327,0.25072693824768066,0.1675535887479782
1188,0.2126169353723526,0.07903753966093063,-23.908266067504883,0.0583452545106411,0.07614440470933914,0.2397845834493637,0.07941935956478119
1189,0.30025964975357056,0.07280108332633972,-23.789772033691406,0.058327578008174896,0.07536628097295761,0.4890635013580322,0.1483403742313385
1190,0.19337083399295807,0.0674428716301918,-23.68977928161621,0.05830990523099899,0.07409987598657608,0.2687413692474365,0.10297194123268127
1191,0.29710909724235535,0.07230585813522339,-23.707914352416992,0.05829225108027458,0.07857682555913925,0.5124958753585815,0.131839781999588
1192,0.07188012450933456,0.057527367025613785,-23.8891658782959,0.05827460438013077,0.06633655726909637,0.38813135027885437,0.24341048300266266
1193,0.45814597606658936,0.11541284620761871,-23.7822322845459,0.05825696140527725,0.0777963250875473,0.695647656917572,0.1422649621963501
1194,0.24411709606647491,0.11429078131914139,-23.626140594482422,0.05823933705687523,0.078920379281044,0.18700604140758514,0.15364797413349152
1195,0.3941071927547455,0.14464512467384338,-24.030351638793945,0.05822170525789261,0.07495303452014923,0.5539171099662781,0.11339277774095535
1196,0.29909956455230713,0.16602426767349243,-23.768556594848633,0.05820407718420029,0.0744040384888649,0.3694516718387604,0.13710437715053558
1197,0.23915308713912964,0.13313761353492737,-23.898733139038086,0.05818645656108856,0.07011549174785614,0.20268915593624115,0.15766653418540955
1198,0.18609577417373657,0.10685248672962189,-23.796247482299805,0.058168843388557434,0.07436632364988327,0.33840519189834595,0.10209190100431442
1199,0.27610984444618225,0.1321699321269989,-23.72686767578125,0.0581512451171875,0.07745318114757538,0.24783673882484436,0.05860003083944321
1200,0.2795915901660919,0.19932204484939575,-23.642822265625,0.05813366919755936,0.07747800648212433,0.32507091760635376,0.0710253193974495
1201,0.3421308100223541,0.19440904259681702,-23.60151481628418,0.058116111904382706,0.0769982561469078,0.11743859946727753,0.09707919508218765
1202,0.4089696407318115,0.1868666112422943,-23.90058135986328,0.05809854343533516,0.07867284119129181,0.5044657588005066,0.1492382287979126
1203,0.30205079913139343,0.24880193173885345,-23.62015151977539,0.058080997318029404,0.07962330430746078,0.399696946144104,0.10110695660114288
1204,0.3086819052696228,0.19338680803775787,-24.02690887451172,0.05806344002485275,0.07622238248586655,0.14767222106456757,0.1304381936788559
1205,0.17334719002246857,0.19381418824195862,-23.531387329101562,0.05804591625928879,0.08443425595760345,0.9398686289787292,0.20516914129257202
1206,0.24540691077709198,0.13137467205524445,-23.805200576782227,0.05802839994430542,0.07586780935525894,0.40088024735450745,0.11371161788702011
1207,0.28820836544036865,0.14866642653942108,-23.690086364746094,0.05801088735461235,0.07964023947715759,0.4045267105102539,0.1758858859539032
1208,0.3696025013923645,0.19519905745983124,-24.046140670776367,0.057993367314338684,0.06936261802911758,0.25135016441345215,0.18003444373607635
1209,0.2829315960407257,0.12007774412631989,-23.985258102416992,0.05797583609819412,0.07243234664201736,0.38917383551597595,0.10592098534107208
1210,0.21971005201339722,0.15645986795425415,-23.567848205566406,0.05795832723379135,0.07941606640815735,0.30797311663627625,0.10840215533971786
1211,0.12827728688716888,0.15124978125095367,-23.974172592163086,0.057940807193517685,0.07462950050830841,0.34162193536758423,0.05050797387957573
1212,0.21849000453948975,0.10697926580905914,-23.930322647094727,0.057923294603824615,0.07767602056264877,0.23086392879486084,0.0980324000120163
1213,0.3961486518383026,0.18068784475326538,-23.96537971496582,0.05790577083826065,0.07768478244543076,0.6406781077384949,0.13684846460819244
1214,0.17884545028209686,0.13439255952835083,-23.726825714111328,0.05788826942443848,0.08061610162258148,0.4678971469402313,0.1515146642923355
1215,0.3417467474937439,0.1529923677444458,-23.84452247619629,0.0578707680106163,0.07487451285123825,0.16753636300563812,0.16117645800113678
1216,0.2963407039642334,0.20177380740642548,-24.02789306640625,0.05785326287150383,0.07615812122821808,0.2071157544851303,0.07262187451124191
1217,0.28690865635871887,0.11355836689472198,-23.6264705657959,0.05783577635884285,0.07512149959802628,0.5979568362236023,0.13398617506027222
1218,0.22705623507499695,0.13252872228622437,-23.75063133239746,0.05781830847263336,0.07366403192281723,0.1389903426170349,0.15458212792873383
1219,0.37920093536376953,0.1866239607334137,-23.996124267578125,0.05780082941055298,0.07304593920707703,0.37204816937446594,0.12224942445755005
1220,0.20344653725624084,0.14257574081420898,-23.65427589416504,0.057783372700214386,0.078358493745327,0.2636394500732422,0.13653576374053955
1221,0.24369701743125916,0.18880805373191833,-24.025606155395508,0.0577659085392952,0.07227551937103271,0.32805177569389343,0.1535787582397461
1222,0.31440967321395874,0.1799822747707367,-24.276012420654297,0.05774841830134392,0.07574205100536346,0.3738768994808197,0.16576847434043884
1223,0.20675215125083923,0.1565023809671402,-23.915252685546875,0.057730935513973236,0.07623684406280518,0.5428444743156433,0.10847281664609909
1224,0.22705389559268951,0.17731873691082,-23.879581451416016,0.05771345645189285,0.0761081725358963,0.5070048570632935,0.1663072109222412
1225,0.33615177869796753,0.11532977223396301,-23.804126739501953,0.05769599974155426,0.08140413463115692,0.42135101556777954,0.15470293164253235
1226,0.39631685614585876,0.1783309429883957,-23.787363052368164,0.057678546756505966,0.07471048086881638,0.4615219533443451,0.12270188331604004
1227,0.2874123752117157,0.19007135927677155,-23.879047393798828,0.057661112397909164,0.07618848234415054,0.29021942615509033,0.12935326993465424
1228,0.24055030941963196,0.13760434091091156,-23.75625228881836,0.05764368176460266,0.07867399603128433,0.33905908465385437,0.18307149410247803
1229,0.386044442653656,0.23564015328884125,-23.73525619506836,0.05762627348303795,0.08121897280216217,0.6675668954849243,0.11925889551639557
1230,0.18998214602470398,0.1599045991897583,-23.591938018798828,0.05760888010263443,0.07992805540561676,0.4891870319843292,0.14048142731189728
1231,0.15387795865535736,0.15382806956768036,-23.86346435546875,0.05759149417281151,0.0761042982339859,0.7347819805145264,0.12677624821662903
1232,0.271670401096344,0.164813831448555,-23.761547088623047,0.05757412686944008,0.07569652050733566,0.17449204623699188,0.12799985706806183
1233,0.2945922613143921,0.23007716238498688,-23.924631118774414,0.05755675211548805,0.07248100638389587,0.20518340170383453,0.14195123314857483
1234,0.20930495858192444,0.12346324324607849,-23.630210876464844,0.05753941088914871,0.08305226266384125,0.16529613733291626,0.14438602328300476
1235,0.3030747175216675,0.1170383095741272,-23.924285888671875,0.05752205848693848,0.07456555962562561,0.3779853284358978,0.08985356241464615
1236,0.34067827463150024,0.20860189199447632,-23.954099655151367,0.05750471353530884,0.0775953009724617,0.33069589734077454,0.1564846634864807
1237,0.3853328227996826,0.21146205067634583,-24.153732299804688,0.05748734623193741,0.07755734026432037,0.5134633779525757,0.09852781146764755
1238,0.17823953926563263,0.10557995736598969,-23.749553680419922,0.05746999382972717,0.07253012806177139,0.4064748287200928,0.13710898160934448
1239,0.21758177876472473,0.17135068774223328,-23.862659454345703,0.05745265260338783,0.07567141205072403,0.3255172669887543,0.1948242038488388
1240,0.3272266387939453,0.20633171498775482,-23.757339477539062,0.057435326278209686,0.07412200421094894,0.628169596195221,0.133165642619133
1241,0.327204167842865,0.18812274932861328,-24.070255279541016,0.05741799250245094,0.07296730577945709,0.2816706895828247,0.17656514048576355
1242,0.17872177064418793,0.17082157731056213,-24.175931930541992,0.05740063637495041,0.07676462084054947,0.3113931119441986,0.10044042766094208
1243,0.2538732886314392,0.18341384828090668,-23.938526153564453,0.05738328769803047,0.07553791999816895,0.20797647535800934,0.11423081904649734
1244,0.2967730164527893,0.2461681067943573,-23.841064453125,0.05736594274640083,0.07603959739208221,0.19529712200164795,0.15668939054012299
1245,0.24208615720272064,0.20299774408340454,-24.100202560424805,0.05734860152006149,0.07217671722173691,0.5627298951148987,0.1486765742301941
1246,0.19089330732822418,0.16586925089359283,-23.735897064208984,0.057331278920173645,0.0765269547700882,0.24899403750896454,0.16002142429351807
1247,0.36886629462242126,0.14899128675460815,-23.728059768676758,0.05731397867202759,0.06990408152341843,0.48832711577415466,0.21901538968086243
1248,0.3004528284072876,0.16347597539424896,-23.881614685058594,0.05729668214917183,0.07722777128219604,0.20144487917423248,0.1461533010005951
1249,0.3528316617012024,0.19162869453430176,-23.888050079345703,0.05727938935160637,0.0770035833120346,0.42182138562202454,0.1606973260641098
1250,0.4598499834537506,0.15892942249774933,-24.044246673583984,0.05726208910346031,0.07689712941646576,0.7942749261856079,0.19717366993427277
1251,0.2173955738544464,0.22429144382476807,-23.929765701293945,0.05724479630589485,0.08091005682945251,0.24583913385868073,0.18004834651947021
1252,0.19127212464809418,0.13979852199554443,-23.80490493774414,0.057227518409490585,0.07820797711610794,0.34709596633911133,0.1449139416217804
1253,0.34903812408447266,0.22895720601081848,-24.115005493164062,0.05721023306250572,0.07781582325696945,0.20534540712833405,0.14975926280021667
1254,0.2927563190460205,0.26945891976356506,-23.512359619140625,0.057192981243133545,0.0816582515835762,0.6187942624092102,0.2378043383359909
1255,0.23286551237106323,0.19924885034561157,-23.826658248901367,0.057175736874341965,0.08181178569793701,0.1891690343618393,0.23177431523799896
1256,0.2791161835193634,0.21123629808425903,-23.94105339050293,0.05715849623084068,0.07699128240346909,0.3742171823978424,0.143297016620636
1257,0.29707807302474976,0.2524430453777313,-23.720674514770508,0.057141270488500595,0.0795477032661438,0.35955995321273804,0.10686783492565155
1258,0.3713831305503845,0.214000403881073,-23.84512710571289,0.0571240559220314,0.07600647956132889,0.18580104410648346,0.12983150780200958
1259,0.20459634065628052,0.2420165091753006,-23.682294845581055,0.057106856256723404,0.07765299081802368,0.5258536338806152,0.11388509720563889
1260,0.20494015514850616,0.14773346483707428,-23.61720085144043,0.05708969011902809,0.07940292358398438,0.21046920120716095,0.1908801645040512
1261,0.2677816152572632,0.21342690289020538,-24.011075973510742,0.057072512805461884,0.0769410952925682,0.3933084309101105,0.09451332688331604
1262,0.23646517097949982,0.18653938174247742,-23.98921775817871,0.05705533176660538,0.07542382180690765,0.2874107360839844,0.13253292441368103
1263,0.3226572871208191,0.21957442164421082,-23.765886306762695,0.057038165628910065,0.07769586145877838,0.09679199010133743,0.10025877505540848
1264,0.24761582911014557,0.1610659956932068,-23.78776741027832,0.05702100694179535,0.07421109080314636,0.2576446831226349,0.14286693930625916
1265,0.24685955047607422,0.16174675524234772,-23.901058197021484,0.05700385197997093,0.0724560022354126,0.2129511833190918,0.1372334510087967
1266,0.13426199555397034,0.15260599553585052,-24.001056671142578,0.05698668956756592,0.07455343008041382,0.47387707233428955,0.1504812389612198
1267,0.3081842064857483,0.13215681910514832,-23.938207626342773,0.0569695346057415,0.07207317650318146,0.4040295481681824,0.17447307705879211
1268,0.26560235023498535,0.09566822648048401,-23.814373016357422,0.05695239454507828,0.07419242709875107,0.14806556701660156,0.08771558105945587
1269,0.23255500197410583,0.11039355397224426,-24.086748123168945,0.05693524703383446,0.07616846263408661,0.3414255678653717,0.11408963799476624
1270,0.3271257281303406,0.1948980838060379,-23.826513290405273,0.056918106973171234,0.0784793421626091,0.5388362407684326,0.0808447003364563
1271,0.2912023663520813,0.15935049951076508,-23.693191528320312,0.056900981813669205,0.07814808189868927,0.43293997645378113,0.1290423572063446
1272,0.1393342912197113,0.13315297663211823,-24.143047332763672,0.05688384920358658,0.07522541284561157,0.13721786439418793,0.11548867076635361
1273,0.262631356716156,0.1577664017677307,-24.065475463867188,0.056866709142923355,0.07469360530376434,0.34551572799682617,0.15326789021492004
1274,0.22485587000846863,0.12860111892223358,-23.861892700195312,0.05684957653284073,0.07078766822814941,0.31517699360847473,0.16271880269050598
1275,0.15646550059318542,0.1111111119389534,-23.811843872070312,0.056832458823919296,0.08047350496053696,0.16545449197292328,0.1067730188369751
1276,0.44112956523895264,0.21745197474956512,-24.05687713623047,0.05681533366441727,0.07503925263881683,0.7067546844482422,0.10720672458410263
1277,0.3140760660171509,0.15481343865394592,-24.018144607543945,0.056798215955495834,0.07749000936746597,0.5537322759628296,0.11146230250597
1278,0.23911872506141663,0.1922408789396286,-23.827192306518555,0.0567811019718647,0.07946459949016571,0.28275832533836365,0.115650475025177
1279,0.24236151576042175,0.27488818764686584,-23.565814971923828,0.05676402151584625,0.07724642008543015,0.39668896794319153,0.16063573956489563
1280,0.22345435619354248,0.28526759147644043,-23.919214248657227,0.0567469447851181,0.07756976783275604,0.38597485423088074,0.0905868262052536
1281,0.24265065789222717,0.2557675242424011,-23.96189308166504,0.05672987177968025,0.0765669122338295,0.9304799437522888,0.0883944183588028
1282,0.2845800518989563,0.21459388732910156,-24.28470230102539,0.05671277642250061,0.076192207634449,0.38909244537353516,0.09213721007108688
1283,0.3493229150772095,0.2456803172826767,-23.97175407409668,0.056695688515901566,0.07930777966976166,0.27452683448791504,0.19396020472049713
1284,0.26416778564453125,0.18880701065063477,-23.890586853027344,0.05667860433459282,0.07556726783514023,0.4060690104961395,0.10437718778848648
1285,0.25344118475914,0.2237040102481842,-23.9130802154541,0.056661542505025864,0.07797034084796906,0.5161383152008057,0.11426980048418045
1286,0.30261290073394775,0.2552292048931122,-24.034589767456055,0.05664446949958801,0.07495413720607758,0.20460979640483856,0.1710233986377716
1287,0.3583214282989502,0.2231886386871338,-24.028175354003906,0.05662740021944046,0.07370658218860626,0.33686694502830505,0.13062046468257904
1288,0.23274391889572144,0.1764100342988968,-23.87485694885254,0.056610338389873505,0.07723674178123474,0.23502685129642487,0.12796810269355774
1289,0.22388997673988342,0.11579000949859619,-23.996952056884766,0.05659328028559685,0.07546292990446091,0.19221679866313934,0.15227127075195312
1290,0.24525785446166992,0.1970604807138443,-23.97045135498047,0.05657622963190079,0.07762303203344345,0.2584599554538727,0.12389805912971497
1291,0.3015162944793701,0.14011114835739136,-24.018888473510742,0.05655917897820473,0.07860594242811203,0.4813270568847656,0.11616094410419464
1292,0.4128148555755615,0.1793932020664215,-24.19948387145996,0.05654212459921837,0.07505515962839127,0.8009621500968933,0.0853852778673172
1293,0.2905910611152649,0.139553502202034,-24.366775512695312,0.05652504786849022,0.07687737047672272,0.4702794551849365,0.11599458009004593
1294,0.37364551424980164,0.21328134834766388,-24.107656478881836,0.05650797486305237,0.07739846408367157,0.561998724937439,0.1358685940504074
1295,0.15731403231620789,0.15520231425762177,-24.289974212646484,0.056490879505872726,0.0773991271853447,0.4531208276748657,0.13066917657852173
1296,0.2719239592552185,0.23591434955596924,-24.061351776123047,0.056473806500434875,0.07500441372394562,0.3902626633644104,0.14925284683704376
1297,0.39165475964546204,0.1603531539440155,-24.11306381225586,0.05645672231912613,0.07584112137556076,0.6508772969245911,0.12080128490924835
1298,0.19871403276920319,0.21148760616779327,-24.224746704101562,0.05643964186310768,0.07559013366699219,0.2620328366756439,0.12917152047157288
1299,0.343838095664978,0.24576573073863983,-24.180068969726562,0.056422557681798935,0.07736913859844208,0.3531455099582672,0.10538977384567261
1300,0.3214268684387207,0.24209217727184296,-24.111244201660156,0.05640547350049019,0.07515718042850494,0.5048327445983887,0.13422666490077972
1301,0.3062506914138794,0.245964914560318,-23.8145751953125,0.05638842657208443,0.07616003602743149,0.14712214469909668,0.15813849866390228
1302,0.2896212637424469,0.22532272338867188,-23.927776336669922,0.05637139454483986,0.07703594118356705,0.497456818819046,0.10161477327346802
1303,0.4500986635684967,0.24712370336055756,-24.188007354736328,0.056354355067014694,0.0732862651348114,0.6883000731468201,0.0980352982878685
1304,0.21507249772548676,0.25806891918182373,-23.820985794067383,0.056337349116802216,0.07888346910476685,0.5632081031799316,0.06279072910547256
1305,0.33084696531295776,0.25796839594841003,-23.63223648071289,0.056320372968912125,0.0764743909239769,0.2306414097547531,0.11966169625520706
1306,0.36688098311424255,0.29791393876075745,-23.7176456451416,0.056303415447473526,0.07808825373649597,0.2508648931980133,0.14316171407699585
1307,0.4175460934638977,0.27207115292549133,-24.096256256103516,0.056286465376615524,0.07511812448501587,0.6563916802406311,0.10352043062448502
1308,0.2958952784538269,0.2408798485994339,-24.101036071777344,0.05626950412988663,0.07640735059976578,0.7661585807800293,0.11962126195430756
1309,0.17501631379127502,0.21193116903305054,-23.96600341796875,0.05625256150960922,0.08151276409626007,0.3866707682609558,0.1452198177576065
1310,0.30833548307418823,0.2837388515472412,-23.96538543701172,0.056235626339912415,0.07576853036880493,0.33550357818603516,0.1342567354440689
1311,0.37501847743988037,0.24058473110198975,-23.940250396728516,0.056218694895505905,0.07571573555469513,0.29942119121551514,0.0928952768445015
1312,0.23445019125938416,0.21620765328407288,-23.980012893676758,0.05620178207755089,0.07325272262096405,0.5561899542808533,0.1228608563542366
1313,0.26138293743133545,0.18708357214927673,-23.631805419921875,0.05618488788604736,0.07917102426290512,0.42531511187553406,0.09559564292430878
1314,0.43729743361473083,0.30845630168914795,-23.814800262451172,0.05616801232099533,0.07833930850028992,0.4738815724849701,0.07122927159070969
1315,0.13001108169555664,0.16024282574653625,-23.833757400512695,0.05615115538239479,0.07799296081066132,0.6363344788551331,0.06746035069227219
1316,0.13077890872955322,0.18020452558994293,-24.011701583862305,0.05613430216908455,0.07805146276950836,0.3226870894432068,0.1713295429944992
1317,0.2859150767326355,0.2029641568660736,-23.672962188720703,0.0561174675822258,0.07702330499887466,0.3515883982181549,0.11194435507059097
1318,0.24731123447418213,0.14583761990070343,-23.86370849609375,0.05610064044594765,0.07673604041337967,0.4272999167442322,0.08247008919715881
1319,0.40064626932144165,0.17759744822978973,-23.398603439331055,0.05608385428786278,0.07930237054824829,0.727552056312561,0.1463083028793335
1320,0.2355690896511078,0.23897074162960052,-23.723628997802734,0.0560670904815197,0.07997021079063416,0.3766423761844635,0.09826518595218658
1321,0.17694494128227234,0.1497458815574646,-23.76029396057129,0.05605034530162811,0.07622555643320084,0.29799026250839233,0.15096023678779602
1322,0.18636927008628845,0.2631714642047882,-23.734394073486328,0.056033600121736526,0.07836206257343292,0.20176203548908234,0.10727579146623611
1323,0.15790504217147827,0.19927695393562317,-24.113616943359375,0.05601685121655464,0.07594949007034302,0.4050639271736145,0.13879431784152985
1324,0.28692078590393066,0.20654341578483582,-23.53057289123535,0.056000132113695145,0.0770355612039566,0.6525980830192566,0.10052458196878433
1325,0.3418777287006378,0.22034023702144623,-23.775062561035156,0.055983420461416245,0.0784374251961708,0.35402780771255493,0.06482267379760742
1326,0.4501885175704956,0.27741312980651855,-23.896690368652344,0.055966708809137344,0.07444523274898529,1.0999855995178223,0.1384539157152176
1327,0.1862090528011322,0.272100567817688,-23.65671157836914,0.055950019508600235,0.07800774276256561,0.8897837400436401,0.10025721043348312
1328,0.28069373965263367,0.26918256282806396,-24.018272399902344,0.05593332275748253,0.07689635455608368,0.4259966015815735,0.12622366845607758
1329,0.2859781086444855,0.30084583163261414,-23.970006942749023,0.05591661483049393,0.07053660601377487,0.44347697496414185,0.17436429858207703
1330,0.13240310549736023,0.2644904553890228,-23.95311737060547,0.05589991435408592,0.08399450778961182,0.6888408064842224,0.16218465566635132
1331,0.2300446331501007,0.18913385272026062,-23.753183364868164,0.055883217602968216,0.07847432792186737,0.49718010425567627,0.10952090471982956
1332,0.20104029774665833,0.2227519005537033,-23.741819381713867,0.055866535753011703,0.07843270897865295,0.577326774597168,0.11515850573778152
1333,0.288601279258728,0.19068941473960876,-24.181995391845703,0.0558498352766037,0.07498236745595932,0.4584355354309082,0.09202486276626587
1334,0.19599655270576477,0.20865686237812042,-23.984386444091797,0.05583314225077629,0.07587086409330368,0.3002691864967346,0.08043453097343445
1335,0.3695039749145508,0.22134123742580414,-24.12732696533203,0.055816423147916794,0.07346336543560028,0.6890468001365662,0.12125430256128311
1336,0.2471463978290558,0.18687249720096588,-24.264957427978516,0.055799700319767,0.07080027461051941,0.32079747319221497,0.1304549276828766
1337,0.31732261180877686,0.22832873463630676,-24.049640655517578,0.05578296631574631,0.07897253334522247,0.42868149280548096,0.1391725093126297
1338,0.2630298137664795,0.1802513599395752,-23.933330535888672,0.05576625093817711,0.0739581361413002,0.3419688940048218,0.1246943548321724
1339,0.22662095725536346,0.15396597981452942,-23.88890838623047,0.05574953928589821,0.08112828433513641,0.26320508122444153,0.13358044624328613
1340,0.21120402216911316,0.21391114592552185,-23.925342559814453,0.055732835084199905,0.0737244114279747,0.18300916254520416,0.12180795520544052
1341,0.1588226556777954,0.17036473751068115,-23.78377914428711,0.055716149508953094,0.07751847058534622,0.3231883645057678,0.1318480223417282
1342,0.2861168384552002,0.19679118692874908,-24.09765625,0.05569945275783539,0.07311590015888214,0.499074786901474,0.14396469295024872
1343,0.1628001630306244,0.2200837880373001,-24.157432556152344,0.055682748556137085,0.07810590416193008,0.6053387522697449,0.14044632017612457
1344,0.22705349326133728,0.21352428197860718,-23.53441619873047,0.05566609278321266,0.08007197827100754,0.4056151211261749,0.09355689585208893
1345,0.36330148577690125,0.24604912102222443,-24.129629135131836,0.05564942583441734,0.0762224867939949,0.5690892338752747,0.16411978006362915
1346,0.22825179994106293,0.24263718724250793,-24.014623641967773,0.05563276261091232,0.07960127294063568,0.4184054732322693,0.14191150665283203
1347,0.228938490152359,0.23051267862319946,-23.705535888671875,0.055616118013858795,0.08107824623584747,0.2948685586452484,0.18528001010417938
1348,0.25563037395477295,0.201082244515419,-24.172042846679688,0.05559946596622467,0.07645435631275177,0.21812236309051514,0.06636770814657211
1349,0.2589312791824341,0.20262077450752258,-24.25308609008789,0.055582791566848755,0.07639209181070328,0.21264934539794922,0.11692485213279724
1350,0.35654568672180176,0.29574960470199585,-24.070463180541992,0.055566124618053436,0.07610788941383362,0.49286580085754395,0.11505407840013504
1351,0.45288267731666565,0.23972831666469574,-24.03293800354004,0.055549461394548416,0.0749792754650116,0.6101698279380798,0.13440929353237152
1352,0.197240948677063,0.2835618853569031,-24.078887939453125,0.055532801896333694,0.07701229304075241,0.6644436717033386,0.11033488065004349
1353,0.2077506184577942,0.21160399913787842,-24.126678466796875,0.055516134947538376,0.0751095786690712,0.4286108613014221,0.15862657129764557
1354,0.3062952160835266,0.2811581790447235,-23.844839096069336,0.05549948662519455,0.07486371695995331,0.47849366068840027,0.09988809376955032
1355,0.16143235564231873,0.2236311137676239,-24.093114852905273,0.05548284575343132,0.07570425420999527,0.9470996260643005,0.16431739926338196
1356,0.2353106290102005,0.2616277039051056,-23.776792526245117,0.055466219782829285,0.0811004787683487,0.3805233836174011,0.13822650909423828
1357,0.24228660762310028,0.1728947013616562,-23.940162658691406,0.05544959753751755,0.07552112638950348,0.2587757110595703,0.13540178537368774
1358,0.22715647518634796,0.2005639374256134,-24.23321533203125,0.055432967841625214,0.0734843984246254,0.2941766381263733,0.11696305125951767
1359,0.24837569892406464,0.24404224753379822,-23.78728485107422,0.05541636049747467,0.07655193656682968,0.6972295045852661,0.11610594391822815
1360,0.3364813029766083,0.242630273103714,-24.20709228515625,0.05539974197745323,0.07532570511102676,0.9168106913566589,0.15395919978618622
1361,0.2590665817260742,0.21702533960342407,-24.116817474365234,0.05538312718272209,0.08324408531188965,0.5089063048362732,0.13045403361320496
1362,0.2184925079345703,0.28560176491737366,-23.668441772460938,0.05536654591560364,0.07625939697027206,0.27759432792663574,0.12212002277374268
1363,0.11679860204458237,0.18625757098197937,-23.871976852416992,0.05534997954964638,0.07611037790775299,0.42653074860572815,0.10166298598051071
1364,0.3460818827152252,0.24671462178230286,-24.17452621459961,0.05533340945839882,0.07412669062614441,0.4066583812236786,0.09259418398141861
1365,0.2544578015804291,0.2566682696342468,-24.355846405029297,0.05531681329011917,0.07782373577356339,0.2772880494594574,0.1554458737373352
1366,0.24614110589027405,0.2650128901004791,-23.863414764404297,0.055300239473581314,0.0762048214673996,0.40699252486228943,0.18303780257701874
1367,0.2526124119758606,0.2166079878807068,-24.28866195678711,0.05528365448117256,0.07554709166288376,0.30556780099868774,0.10960391163825989
1368,0.38392454385757446,0.31277596950531006,-24.104597091674805,0.05526706203818321,0.07650783658027649,0.419502854347229,0.15368282794952393
1369,0.22799205780029297,0.2795405983924866,-23.60179901123047,0.05525051802396774,0.07761919498443604,0.3222305178642273,0.10415733605623245
1370,0.2059585154056549,0.24475155770778656,-23.935346603393555,0.055233974009752274,0.08034313470125198,0.47610658407211304,0.12912839651107788
1371,0.18426267802715302,0.3075365424156189,-24.17914581298828,0.05521742254495621,0.0738811045885086,0.6233739852905273,0.15441878139972687
1372,0.3270714282989502,0.3042652904987335,-24.453857421875,0.05520085245370865,0.07088740915060043,0.5394427180290222,0.1436806321144104
1373,0.25092390179634094,0.32658445835113525,-23.59424591064453,0.05518432334065437,0.07890065014362335,0.665678083896637,0.15733648836612701
1374,0.14770999550819397,0.2078283131122589,-23.829235076904297,0.05516781285405159,0.07907364517450333,0.49098607897758484,0.17886680364608765
1375,0.21708214282989502,0.2162438929080963,-24.01214027404785,0.055151309818029404,0.07564262300729752,0.5091233253479004,0.09177592396736145
1376,0.11086287349462509,0.24312594532966614,-23.703405380249023,0.055134836584329605,0.0806744396686554,0.6885071992874146,0.08062475174665451
1377,0.2397548109292984,0.21919545531272888,-24.140823364257812,0.05511835590004921,0.07896523922681808,0.47844159603118896,0.11233887076377869
1378,0.29411783814430237,0.19662925601005554,-23.83475112915039,0.05510189011693001,0.07960851490497589,0.8236941695213318,0.1163211315870285
1379,0.2553088366985321,0.16021306812763214,-23.850210189819336,0.0550854317843914,0.07447458058595657,0.31950637698173523,0.13316723704338074
1380,0.3543875217437744,0.23182286322116852,-24.198001861572266,0.0550689660012722,0.0753612071275711,0.5837041735649109,0.14359579980373383
1381,0.24322621524333954,0.21475577354431152,-23.82328987121582,0.055052515119314194,0.07974860817193985,0.46301689743995667,0.11100584268569946
1382,0.2127428501844406,0.16287603974342346,-24.19854736328125,0.05503606051206589,0.07465626299381256,0.4243514835834503,0.12148445844650269
1383,0.08603715896606445,0.1947270929813385,-23.75535011291504,0.055019620805978775,0.07955896109342575,0.4833364486694336,0.11384441703557968
1384,0.29731595516204834,0.23617322742938995,-24.09890365600586,0.05500318855047226,0.07620027661323547,0.633179783821106,0.12689714133739471
1385,0.17155145108699799,0.18249763548374176,-23.941673278808594,0.054986756294965744,0.07574968039989471,0.47739821672439575,0.16637535393238068
1386,0.31359243392944336,0.2398718297481537,-24.4910888671875,0.054970305413007736,0.07263602316379547,0.7739548087120056,0.149474635720253
1387,0.2851194739341736,0.2481258362531662,-23.915668487548828,0.054953861981630325,0.07654605060815811,0.16431190073490143,0.09181464463472366
1388,0.20822614431381226,0.2688685655593872,-24.10135841369629,0.05493742227554321,0.07145065814256668,0.15225385129451752,0.16319388151168823
1389,0.24560433626174927,0.2711336314678192,-24.435237884521484,0.05492096021771431,0.07312273979187012,0.36027559638023376,0.17302390933036804
1390,0.1804143786430359,0.3033905029296875,-24.33786964416504,0.05490449070930481,0.07326532900333405,0.5083192586898804,0.12487628310918808
1391,0.2686215341091156,0.3466690182685852,-23.918176651000977,0.0548880361020565,0.0798053964972496,0.31545060873031616,0.1324581652879715
1392,0.20731621980667114,0.27979373931884766,-24.244182586669922,0.0548715777695179,0.07722930610179901,0.7017398476600647,0.13933341205120087
1393,0.18878106772899628,0.21615657210350037,-23.99615478515625,0.05485513433814049,0.0801461786031723,0.25514498353004456,0.16893170773983002
1394,0.253316193819046,0.2625499367713928,-23.999834060668945,0.054838698357343674,0.08179914951324463,0.22171685099601746,0.1546371430158615
1395,0.20452263951301575,0.29297229647636414,-24.205812454223633,0.05482226610183716,0.07694508880376816,0.33451783657073975,0.09906595945358276
1396,0.23822396993637085,0.27883201837539673,-23.772842407226562,0.054805852472782135,0.07900770753622055,0.5655730962753296,0.11271298676729202
1397,0.2114368975162506,0.2105339765548706,-24.109996795654297,0.05478944256901741,0.07787492126226425,0.39505892992019653,0.08392122387886047
1398,0.2892572581768036,0.3416178822517395,-24.046720504760742,0.054773036390542984,0.07241959869861603,0.42690509557724,0.13556347787380219
1399,0.3872814178466797,0.23064982891082764,-24.053909301757812,0.05475665256381035,0.07742294669151306,0.8009726405143738,0.12011925876140594
1400,0.3281371593475342,0.27581244707107544,-24.178855895996094,0.05474025756120682,0.07889525592327118,0.2655509114265442,0.11915963143110275
1401,0.2007041871547699,0.2409435510635376,-23.822113037109375,0.05472388118505478,0.07497218251228333,0.4458923637866974,0.08950736373662949
1402,0.28288689255714417,0.23349885642528534,-24.289274215698242,0.054707493633031845,0.07644645124673843,0.3544989228248596,0.13101333379745483
1403,0.26115065813064575,0.30223530530929565,-23.820846557617188,0.0546911396086216,0.07775740325450897,0.42062437534332275,0.09944198280572891
1404,0.3266375660896301,0.25106337666511536,-23.897632598876953,0.05467480421066284,0.07728554308414459,0.6046749353408813,0.11385876685380936
1405,0.2299964725971222,0.2553406357765198,-24.012781143188477,0.054658472537994385,0.07409898936748505,0.28559067845344543,0.09543246030807495
1406,0.2361893653869629,0.28084492683410645,-24.104692459106445,0.054642148315906525,0.07499365508556366,0.42390647530555725,0.1273455023765564
1407,0.35119929909706116,0.26553601026535034,-23.961681365966797,0.05462582781910896,0.07801571488380432,0.39172711968421936,0.1779458224773407
1408,0.30135607719421387,0.2911665737628937,-23.741180419921875,0.05460953712463379,0.08149738609790802,0.19422005116939545,0.1266721934080124
1409,0.2885700762271881,0.21308046579360962,-23.95646095275879,0.054593250155448914,0.07728969305753708,0.2485664337873459,0.16914747655391693
1410,0.18572238087654114,0.27657151222229004,-24.229263305664062,0.05457695573568344,0.07823756337165833,0.2646022439002991,0.1357295960187912
1411,0.17024673521518707,0.25074246525764465,-23.96133041381836,0.054560668766498566,0.08226240426301956,0.3935171067714691,0.1335962861776352
1412,0.2481147050857544,0.28256955742836,-24.268848419189453,0.054544370621442795,0.07619010657072067,0.5279673933982849,0.16159802675247192
1413,0.2144806683063507,0.2798675000667572,-23.927387237548828,0.054528091102838516,0.07732610404491425,0.7810267806053162,0.08389843255281448
1414,0.25291579961776733,0.2265530228614807,-24.249841690063477,0.05451180413365364,0.07746980339288712,0.7471117377281189,0.1461106538772583
1415,0.27154257893562317,0.26542338728904724,-23.744157791137695,0.05449553579092026,0.08218847215175629,0.4538925588130951,0.14166182279586792
1416,0.24638912081718445,0.27764397859573364,-24.134265899658203,0.05447927117347717,0.07425971329212189,0.46184441447257996,0.15865305066108704
1417,0.20591671764850616,0.24861666560173035,-24.43098258972168,0.0544629842042923,0.07756809145212173,0.5391276478767395,0.19255349040031433
1418,0.2586976885795593,0.23820176720619202,-24.125858306884766,0.05444670468568802,0.07653970271348953,0.8138380646705627,0.0916115939617157
1419,0.3150864243507385,0.3015389144420624,-23.803171157836914,0.05443044379353523,0.07558275759220123,0.4391985237598419,0.1079612672328949
1420,0.25666412711143494,0.3014813959598541,-23.57509994506836,0.05441422387957573,0.07565875351428986,0.41648727655410767,0.12175785005092621
1421,0.1784084439277649,0.2748558521270752,-24.00948715209961,0.054398007690906525,0.0732942745089531,0.2695280909538269,0.10288748145103455
1422,0.3309701681137085,0.26823699474334717,-23.658857345581055,0.054381825029850006,0.07735944539308548,0.9574453830718994,0.10096792876720428
1423,0.25425583124160767,0.33712589740753174,-24.10334587097168,0.05436563491821289,0.07392220199108124,0.6066665649414062,0.10486999899148941
1424,0.3172640800476074,0.3091834485530853,-24.018529891967773,0.054349444806575775,0.07634881883859634,0.6060484051704407,0.08271240442991257
1425,0.23955261707305908,0.24212168157100677,-24.38818359375,0.054333239793777466,0.07330290228128433,0.5340794324874878,0.145781472325325
1426,0.3889552354812622,0.3573153614997864,-23.988224029541016,0.05431704968214035,0.07941814512014389,0.30798959732055664,0.13357003033161163
1427,0.22372743487358093,0.284304141998291,-23.98819351196289,0.05430086329579353,0.0801408588886261,0.49460867047309875,0.10092266649007797
1428,0.1611817181110382,0.27627134323120117,-24.056333541870117,0.05428468436002731,0.07627910375595093,1.256205439567566,0.1357489824295044
1429,0.28471577167510986,0.217851459980011,-23.805551528930664,0.05426852032542229,0.08013464510440826,0.3277810513973236,0.14340293407440186
1430,0.29886919260025024,0.22924497723579407,-24.143566131591797,0.054252348840236664,0.07629702985286713,0.3932224214076996,0.08446431905031204
1431,0.2829993665218353,0.22302770614624023,-24.069520950317383,0.05423618108034134,0.07970448583364487,0.4762357175350189,0.13521334528923035
1432,0.23231244087219238,0.19672811031341553,-24.078147888183594,0.05422002077102661,0.0816304162144661,0.34549984335899353,0.16113674640655518
1433,0.27087247371673584,0.31609463691711426,-24.530784606933594,0.05420383810997009,0.07977993786334991,0.49921226501464844,0.11975778639316559
1434,0.2961980402469635,0.3093591034412384,-23.96259117126465,0.05418766289949417,0.07417187839746475,0.5900287628173828,0.13364802300930023
1435,0.3205541968345642,0.23828384280204773,-24.228607177734375,0.05417148768901825,0.07213073968887329,0.7620232105255127,0.10477029532194138
1436,0.2996981143951416,0.32558971643447876,-23.90921401977539,0.05415533483028412,0.07854893058538437,0.37801599502563477,0.08919233828783035
1437,0.48885250091552734,0.4015449583530426,-24.353824615478516,0.0541391596198082,0.0745866447687149,0.8188900351524353,0.08044727891683578
1438,0.24860802292823792,0.3543407618999481,-23.86669921875,0.05412301421165466,0.07487500458955765,0.713234007358551,0.09978463500738144
1439,0.29380926489830017,0.3561273217201233,-24.3657283782959,0.05410684645175934,0.07939295470714569,0.3156141936779022,0.13126295804977417
1440,0.11949379742145538,0.2933596968650818,-24.10909652709961,0.05409068614244461,0.0779956579208374,0.6840589642524719,0.11600445955991745
1441,0.3212661147117615,0.3098810613155365,-23.682819366455078,0.05407455563545227,0.07570888847112656,0.512100338935852,0.14820066094398499
1442,0.445237398147583,0.39635711908340454,-24.374677658081055,0.054058417677879333,0.07891733944416046,0.6192843317985535,0.19062544405460358
1443,0.19829070568084717,0.27359747886657715,-23.990455627441406,0.05404229462146759,0.0795578733086586,1.6922038793563843,0.0957363098859787
1444,0.14638400077819824,0.2922665774822235,-24.254371643066406,0.05402616411447525,0.07785896211862564,0.7972529530525208,0.10252653062343597
1445,0.11893296241760254,0.22156670689582825,-23.804704666137695,0.0540100559592247,0.07857115566730499,1.049941897392273,0.09450190514326096
1446,0.23081538081169128,0.26717114448547363,-23.972068786621094,0.05399395897984505,0.076836958527565,0.2704481780529022,0.11961826682090759
1447,0.21950964629650116,0.20833490788936615,-23.705419540405273,0.05397789552807808,0.07828419655561447,0.46931010484695435,0.12972408533096313
1448,0.24045272171497345,0.21655458211898804,-23.797828674316406,0.053961850702762604,0.07970739901065826,0.5845963358879089,0.08148007839918137
1449,0.2132415771484375,0.21125970780849457,-23.94451904296875,0.05394582450389862,0.07785192877054214,0.40778544545173645,0.1300494372844696
1450,0.25065749883651733,0.17453376948833466,-24.475181579589844,0.05392976105213165,0.07460926473140717,1.0098835229873657,0.10701096057891846
1451,0.2030673325061798,0.21113775670528412,-23.96257972717285,0.05391371622681618,0.07718731462955475,0.5279839634895325,0.11763161420822144
1452,0.3662894666194916,0.27083250880241394,-23.921131134033203,0.053897690027952194,0.07348842918872833,1.6266056299209595,0.15834631025791168
1453,0.25054579973220825,0.25878825783729553,-23.90607452392578,0.05388166755437851,0.07438898831605911,0.5993961095809937,0.10281440615653992
1454,0.16413378715515137,0.27764052152633667,-23.9936580657959,0.05386565253138542,0.07729461044073105,0.733173668384552,0.12310492247343063
1455,0.2873932123184204,0.29789334535598755,-24.169771194458008,0.05384964123368263,0.07516124099493027,0.7651222944259644,0.10601542890071869
1456,0.27021247148513794,0.3327314257621765,-23.927751541137695,0.05383363366127014,0.08163915574550629,0.3405418395996094,0.11552030593156815
1457,0.22160644829273224,0.2776199281215668,-23.824934005737305,0.053817640990018845,0.07555989921092987,0.3661263883113861,0.16288213431835175
1458,0.35124343633651733,0.34151560068130493,-23.905946731567383,0.05380167067050934,0.07740321010351181,0.5787095427513123,0.14985843002796173
1459,0.2601587176322937,0.3602437674999237,-23.85253143310547,0.053785715252161026,0.07600648701190948,0.5076549649238586,0.08623356372117996
1460,0.12214131653308868,0.3025428056716919,-23.99610137939453,0.05376976355910301,0.07843858748674393,0.9438497424125671,0.12245185673236847
1461,0.18987104296684265,0.2766406536102295,-23.95952796936035,0.053753819316625595,0.08038072288036346,0.8733355402946472,0.13388708233833313
1462,0.12666641175746918,0.24848970770835876,-24.246763229370117,0.05373786762356758,0.0797274261713028,0.9093111753463745,0.11442489922046661
1463,0.16936613619327545,0.3268755078315735,-23.39040184020996,0.05372195690870285,0.0823059231042862,0.8150272965431213,0.14071719348430634
1464,0.32379382848739624,0.3267799913883209,-24.000152587890625,0.05370604991912842,0.07643810659646988,0.44209861755371094,0.08735635876655579
1465,0.30458739399909973,0.2853502035140991,-23.579627990722656,0.05369017645716667,0.08050663024187088,0.740473210811615,0.16961455345153809
1466,0.2650502920150757,0.2540076971054077,-24.1556453704834,0.05367429181933403,0.07872767746448517,0.20669355988502502,0.1157134398818016
1467,0.18884235620498657,0.3168964982032776,-24.126476287841797,0.05365839973092079,0.07635359466075897,0.29739317297935486,0.11383538693189621
1468,0.2259456217288971,0.2409684658050537,-24.008079528808594,0.05364251136779785,0.0741792768239975,0.3012795150279999,0.1148572787642479
1469,0.27291351556777954,0.2660817801952362,-24.149805068969727,0.05362661927938461,0.08351144939661026,0.3326701819896698,0.1621612161397934
1470,0.3050087094306946,0.19923561811447144,-23.902833938598633,0.053610727190971375,0.07905104756355286,0.8800193667411804,0.116304412484169
1471,0.2530156970024109,0.24459797143936157,-24.1296443939209,0.05359483137726784,0.07376675307750702,0.3286001980304718,0.1547732800245285
1472,0.14549458026885986,0.2644839882850647,-23.953805923461914,0.053578950464725494,0.0795024186372757,0.3799290657043457,0.09338738769292831
1473,0.16821804642677307,0.27512505650520325,-24.128192901611328,0.053563062101602554,0.07956678420305252,0.5344300866127014,0.1481916308403015
1474,0.2562826871871948,0.2990039587020874,-24.108579635620117,0.05354717746376991,0.07280497252941132,0.3794881999492645,0.08925914019346237
1475,0.1799931675195694,0.2286791205406189,-24.053579330444336,0.05353129655122757,0.07945273816585541,0.3554418683052063,0.128395214676857
1476,0.27904701232910156,0.3507927358150482,-24.143871307373047,0.05351540818810463,0.07587353140115738,0.2722189724445343,0.10777096450328827
1477,0.28053373098373413,0.2556505501270294,-23.64997100830078,0.053499553352594376,0.07795194536447525,0.5056648254394531,0.11966181546449661
1478,0.28450411558151245,0.27972298860549927,-24.156543731689453,0.053483687341213226,0.07742564380168915,0.4719518721103668,0.06836496293544769
1479,0.1730910837650299,0.25721311569213867,-24.205617904663086,0.05346781387925148,0.0718345046043396,0.4238244593143463,0.1597685068845749
1480,0.20823433995246887,0.2968082129955292,-24.263896942138672,0.05345193296670914,0.07550997287034988,0.32880699634552,0.07673519849777222
1481,0.15414205193519592,0.3157043755054474,-24.52898597717285,0.053436029702425,0.07580924779176712,1.0214213132858276,0.12640081346035004
1482,0.35193097591400146,0.4054774045944214,-23.933122634887695,0.05342014506459236,0.07942882925271988,0.9775342345237732,0.11785253137350082
1483,0.20540297031402588,0.31255045533180237,-23.98849105834961,0.05340426787734032,0.07742861658334732,0.3409559428691864,0.09816190600395203
1484,0.15989655256271362,0.3578016459941864,-23.75334358215332,0.05338841676712036,0.07717064768075943,0.5668485164642334,0.13011868298053741
1485,0.156882643699646,0.2969999313354492,-24.15296173095703,0.053372573107481,0.07908864319324493,0.6803207397460938,0.13091140985488892
1486,0.28905561566352844,0.28414207696914673,-23.944576263427734,0.053356729447841644,0.07871440798044205,0.3750370144844055,0.09572365880012512
1487,0.31387847661972046,0.287977397441864,-24.563819885253906,0.05334087088704109,0.07218668609857559,0.4975612163543701,0.1526005119085312
1488,0.3027076721191406,0.22496098279953003,-24.464447021484375,0.05332498997449875,0.07613057643175125,0.4337342381477356,0.07099509984254837
1489,0.3349609076976776,0.3137989640235901,-23.910608291625977,0.0533091239631176,0.07662027329206467,1.1023279428482056,0.08091744035482407
1490,0.3229054808616638,0.31241902709007263,-24.480192184448242,0.05329323932528496,0.07750092446804047,0.5207903385162354,0.15863357484340668
1491,0.28540104627609253,0.3206331133842468,-23.99258041381836,0.05327737331390381,0.07295721769332886,0.575548529624939,0.18317380547523499
1492,0.1770089566707611,0.28225284814834595,-23.9172306060791,0.05326152220368385,0.08100155740976334,0.5689229965209961,0.16738541424274445
1493,0.18717795610427856,0.30977243185043335,-24.333044052124023,0.0532456636428833,0.07418446242809296,0.6174954175949097,0.10944540798664093
1494,0.21508288383483887,0.32646429538726807,-24.174667358398438,0.05322980880737305,0.07755311578512192,0.326730340719223,0.15506167709827423
1495,0.2311115562915802,0.2968839406967163,-24.06400489807129,0.053213972598314285,0.07716702669858932,0.2894223630428314,0.12907098233699799
1496,0.2518773078918457,0.3423975706100464,-23.863174438476562,0.053198155015707016,0.07957233488559723,0.3453524708747864,0.09809476137161255
1497,0.2437940537929535,0.3769656717777252,-24.629636764526367,0.053182315081357956,0.07792835682630539,0.3217388987541199,0.16569073498249054
1498,0.1982291340827942,0.37039801478385925,-24.133399963378906,0.05316648259758949,0.07562906295061111,0.4911370575428009,0.11688390374183655
1499,0.24609363079071045,0.285077840089798,-24.351070404052734,0.053150638937950134,0.07895416021347046,0.5506605505943298,0.12163516134023666
1500,0.20407113432884216,0.3184569478034973,-24.141477584838867,0.05313480272889137,0.07810672372579575,0.712433397769928,0.1196301206946373
1501,0.21615087985992432,0.25208190083503723,-23.858293533325195,0.0531189925968647,0.07820738852024078,0.3679679334163666,0.12913163006305695
1502,0.12884171307086945,0.2233918309211731,-24.11574935913086,0.053103189915418625,0.07692582905292511,0.3060508072376251,0.10895373672246933
1503,0.23445376753807068,0.23612080514431,-24.28036880493164,0.05308739095926285,0.08096728473901749,0.684295117855072,0.22458156943321228
1504,0.23943103849887848,0.21132361888885498,-23.89849090576172,0.05307161062955856,0.080159030854702,0.6947610974311829,0.13973231613636017
1505,0.16766825318336487,0.20497027039527893,-23.914308547973633,0.05305584892630577,0.08026577532291412,0.5917110443115234,0.11928489804267883
1506,0.20514068007469177,0.24891512095928192,-24.191848754882812,0.05304008722305298,0.07824496179819107,0.5138255953788757,0.1083475723862648
1507,0.3121228814125061,0.29777073860168457,-24.39940071105957,0.05302431061863899,0.08053942024707794,1.13661789894104,0.11198525130748749
1508,0.2073732316493988,0.28453293442726135,-24.243335723876953,0.053008534014225006,0.07681620866060257,0.6796659827232361,0.09173844754695892
1509,0.27961623668670654,0.3802264630794525,-24.343311309814453,0.05299274995923042,0.07801175117492676,0.3628724217414856,0.13470295071601868
1510,0.2684723138809204,0.44785764813423157,-24.045310974121094,0.05297698453068733,0.07255567610263824,0.31326934695243835,0.15654127299785614
1511,0.25044646859169006,0.31738507747650146,-23.661720275878906,0.05296126380562782,0.07603244483470917,0.6921969652175903,0.1390475034713745
1512,0.17740654945373535,0.3401276469230652,-24.253376007080078,0.05294553190469742,0.07936017960309982,0.5023471117019653,0.14156053960323334
1513,0.20560342073440552,0.32379183173179626,-24.251367568969727,0.05292979255318642,0.07488187402486801,1.111538290977478,0.12130213528871536
1514,0.2987523674964905,0.3581971228122711,-24.43329429626465,0.05291404575109482,0.07748039066791534,0.4265024662017822,0.1304137110710144
1515,0.31471678614616394,0.3960944414138794,-24.57650375366211,0.05289828032255173,0.07447139918804169,0.5593329668045044,0.0832003802061081
1516,0.30509233474731445,0.37459930777549744,-23.691883087158203,0.05288255587220192,0.07872766256332397,0.5590798854827881,0.07959481328725815
1517,0.1814725399017334,0.3257499933242798,-24.045690536499023,0.05286683514714241,0.07456198334693909,0.779201328754425,0.08911298215389252
1518,0.3952765464782715,0.38431790471076965,-23.949440002441406,0.05285114422440529,0.07839687168598175,0.7839186191558838,0.1265629231929779
1519,0.3548620939254761,0.3408823311328888,-23.887771606445312,0.05283547192811966,0.08093534409999847,1.0014976263046265,0.12397823482751846
1520,0.3037782311439514,0.2748355269432068,-23.988245010375977,0.052819814532995224,0.07793600112199783,0.320340633392334,0.09618394821882248
1521,0.21772891283035278,0.25642427802085876,-23.939708709716797,0.052804164588451385,0.07909001410007477,0.3472510874271393,0.1461694985628128
1522,0.2931864559650421,0.31682705879211426,-24.451629638671875,0.05278850719332695,0.07539062947034836,0.8610216379165649,0.11454922705888748
1523,0.223358154296875,0.20797698199748993,-24.22271728515625,0.05277283862233162,0.07369577139616013,0.5136853456497192,0.1491890698671341
1524,0.2453669011592865,0.32773974537849426,-24.00049591064453,0.05275718867778778,0.0781261995434761,0.49655646085739136,0.11123962700366974
1525,0.2528707683086395,0.2684522271156311,-24.40821647644043,0.05274152010679245,0.07590577751398087,0.5017935633659363,0.12642568349838257
1526,0.2624706029891968,0.2763111889362335,-24.02893829345703,0.05272586643695831,0.08068448305130005,0.5044592022895813,0.14464041590690613
1527,0.12711113691329956,0.31903406977653503,-23.788833618164062,0.052710242569446564,0.07637041807174683,0.3325363099575043,0.1774672120809555
1528,0.17313817143440247,0.3014029562473297,-24.438739776611328,0.05269460007548332,0.07938351482152939,0.24728867411613464,0.1418989896774292
1529,0.19176599383354187,0.33875560760498047,-24.063142776489258,0.052678972482681274,0.0791943371295929,0.5043951272964478,0.07565680891275406
1530,0.2196352183818817,0.25736865401268005,-24.49758529663086,0.052663326263427734,0.07806531339883804,0.49010762572288513,0.10743634402751923
1531,0.23200634121894836,0.3855811655521393,-24.108692169189453,0.05264768376946449,0.07518620043992996,0.3167310059070587,0.09405630826950073
1532,0.2436167299747467,0.3605134189128876,-24.443037033081055,0.052632033824920654,0.07737942039966583,0.4045599400997162,0.15339438617229462
1533,0.2250325083732605,0.3904968500137329,-23.85759162902832,0.052616413682699203,0.08135079592466354,0.9300896525382996,0.13773426413536072
1534,0.2748202383518219,0.37797725200653076,-24.0651798248291,0.05260079726576805,0.07790108025074005,0.3267597258090973,0.14567208290100098
1535,0.35305964946746826,0.4904167354106903,-24.167741775512695,0.0525851845741272,0.08011122792959213,0.6840001940727234,0.1161070317029953
1536,0.4095621407032013,0.40635547041893005,-23.862247467041016,0.05256960541009903,0.07919586449861526,1.0683131217956543,0.12912552058696747
1537,0.2480495721101761,0.44954973459243774,-23.799537658691406,0.05255405232310295,0.07840058207511902,0.7211981415748596,0.09418308734893799
1538,0.18943914771080017,0.30225881934165955,-24.13503646850586,0.052538491785526276,0.07916662842035294,0.4837494194507599,0.06742600351572037
1539,0.2989949584007263,0.4306798279285431,-23.949596405029297,0.05252294987440109,0.07796978205442429,0.36362424492836,0.09899978339672089
1540,0.1733100265264511,0.3711659610271454,-24.43484115600586,0.05250738561153412,0.07837139070034027,1.065995216369629,0.07706020772457123
1541,0.17484566569328308,0.2723565697669983,-24.26357650756836,0.05249182879924774,0.07927987724542618,0.5539390444755554,0.13270488381385803
1542,0.152899831533432,0.213459312915802,-24.259992599487305,0.05247626081109047,0.07806235551834106,0.6315292716026306,0.09554355591535568
1543,0.2913520336151123,0.32401296496391296,-24.199413299560547,0.052460700273513794,0.07771574705839157,0.4843735992908478,0.14506451785564423
1544,0.33980968594551086,0.25488048791885376,-24.12178611755371,0.05244514346122742,0.07338140159845352,0.903127908706665,0.1557142734527588
1545,0.264755517244339,0.3150815963745117,-24.089324951171875,0.052429601550102234,0.07780241966247559,0.36673423647880554,0.09999724477529526
1546,0.2124139666557312,0.345197468996048,-24.160140991210938,0.05241406708955765,0.07532785832881927,0.2578811049461365,0.08638858795166016
1547,0.2736172378063202,0.32030048966407776,-24.129940032958984,0.05239853635430336,0.07896244525909424,0.3338983654975891,0.11882935464382172
1548,0.3111307621002197,0.2297644168138504,-24.059494018554688,0.05238300934433937,0.07682151347398758,0.786676824092865,0.16413289308547974
1549,0.16996696591377258,0.30926424264907837,-23.954471588134766,0.052367500960826874,0.08018162846565247,0.45481541752815247,0.10630808770656586
1550,0.3608308732509613,0.38789722323417664,-23.974023818969727,0.05235200747847557,0.08200948685407639,0.8751862645149231,0.08887536823749542
1551,0.12800058722496033,0.279175728559494,-24.04766845703125,0.05233653262257576,0.07744278758764267,0.656136155128479,0.1507522314786911
1552,0.30871301889419556,0.4001905024051666,-23.88718032836914,0.05232107639312744,0.08238081634044647,0.5293688178062439,0.16452783346176147
1553,0.31086358428001404,0.3422274589538574,-24.201082229614258,0.05230560898780823,0.0814707800745964,0.3862147331237793,0.16281342506408691
1554,0.2262355536222458,0.3933575451374054,-24.465370178222656,0.05229012295603752,0.07331391423940659,0.19311879575252533,0.12706798315048218
1555,0.2507897615432739,0.33671650290489197,-24.162015914916992,0.052274640649557114,0.07685951143503189,0.31020018458366394,0.07491632550954819
1556,0.2074873149394989,0.434558629989624,-23.960174560546875,0.0522591769695282,0.08054958283901215,0.6855064630508423,0.08596044778823853
1557,0.24597114324569702,0.3978448808193207,-23.772823333740234,0.05224374309182167,0.08032871037721634,1.0104169845581055,0.12877750396728516
1558,0.18492025136947632,0.3326013684272766,-24.162811279296875,0.05222831293940544,0.08122560381889343,0.41243407130241394,0.19835655391216278
1559,0.2735360264778137,0.41565001010894775,-24.412338256835938,0.05221286043524742,0.07249854505062103,0.42353376746177673,0.13492482900619507
1560,0.23175159096717834,0.354515939950943,-24.148290634155273,0.05219741538167,0.07890495657920837,0.8196908831596375,0.05653543770313263
1561,0.2116878479719162,0.4027647376060486,-24.24330711364746,0.052181974053382874,0.07407142221927643,0.3210289478302002,0.1645229160785675
1562,0.18582937121391296,0.2828731834888458,-24.3726749420166,0.05216651037335396,0.07682576775550842,0.5379528403282166,0.1305829882621765
1563,0.3351905345916748,0.3155742585659027,-23.875831604003906,0.05215107649564743,0.08079276978969574,0.9717265367507935,0.11564288288354874
1564,0.3019362688064575,0.37445390224456787,-23.992015838623047,0.052135661244392395,0.07787159085273743,0.8683818578720093,0.11708279699087143
1565,0.21356122195720673,0.30395784974098206,-24.481983184814453,0.05212022736668587,0.07467151433229446,0.4800044596195221,0.14723707735538483
1566,0.1359511911869049,0.2501932978630066,-24.140689849853516,0.05210479721426964,0.08162250369787216,0.3402726948261261,0.17051492631435394
1567,0.3718806505203247,0.34682202339172363,-24.415185928344727,0.05208935588598251,0.07601416110992432,1.3569334745407104,0.08485619723796844
1568,0.3084234893321991,0.4002869129180908,-24.46222686767578,0.05207391083240509,0.07879053056240082,0.5014364123344421,0.14264097809791565
1569,0.2784583568572998,0.4237939715385437,-23.84614372253418,0.05205848067998886,0.08064169436693192,0.8186492919921875,0.09090286493301392
1570,0.2673448920249939,0.327629953622818,-24.09908103942871,0.052043065428733826,0.0749783143401146,0.2890040874481201,0.11921481043100357
1571,0.22450000047683716,0.41111478209495544,-24.455852508544922,0.05202764645218849,0.07461279630661011,0.6546146273612976,0.13089440762996674
1572,0.17015299201011658,0.4028642773628235,-24.322214126586914,0.05201221629977226,0.07484515011310577,0.40362510085105896,0.13651734590530396
1573,0.24704477190971375,0.3658043146133423,-24.492656707763672,0.051996778696775436,0.08126121014356613,0.3726412057876587,0.13872113823890686
1574,0.21167641878128052,0.3896966576576233,-24.204362869262695,0.05198134854435921,0.08064822107553482,0.42718422412872314,0.1470934897661209
1575,0.19887179136276245,0.43133753538131714,-24.260021209716797,0.051965922117233276,0.07782300561666489,1.2064621448516846,0.13597600162029266
1576,0.38475501537323,0.467939555644989,-24.881149291992188,0.05195046216249466,0.07180209457874298,1.068608045578003,0.12509597837924957
1577,0.3007265329360962,0.4970521628856659,-24.628414154052734,0.05193497985601425,0.07330098003149033,0.8042245507240295,0.09638940542936325
1578,0.2878134250640869,0.3587842285633087,-24.764978408813477,0.05191947892308235,0.06985446065664291,0.4974023103713989,0.17422591149806976
1579,0.22308996319770813,0.30907100439071655,-24.06064224243164,0.05190400779247284,0.08212300390005112,0.47965776920318604,0.11237554252147675
1580,0.236991748213768,0.42977195978164673,-24.452116012573242,0.05188852921128273,0.0793098732829094,0.37548086047172546,0.12335968017578125
1581,0.17239898443222046,0.3020097017288208,-24.22162628173828,0.05187306925654411,0.08083508908748627,0.7250263690948486,0.14564022421836853
1582,0.22098073363304138,0.28621816635131836,-23.9559326171875,0.051857635378837585,0.08022741973400116,0.34415051341056824,0.08907981961965561
1583,0.35364311933517456,0.37717485427856445,-24.10871696472168,0.05184222012758255,0.080297090113163,0.8914392590522766,0.11552423983812332
1584,0.2522764205932617,0.3675973415374756,-24.516231536865234,0.05182679742574692,0.07914740592241287,0.5958136320114136,0.12941515445709229
1585,0.16022248566150665,0.21735404431819916,-24.37322235107422,0.051811378449201584,0.08055071532726288,0.36116763949394226,0.15624172985553741
1586,0.28377270698547363,0.34415701031684875,-24.684268951416016,0.05179594084620476,0.07578936964273453,0.759268581867218,0.10971202701330185
1587,0.1922348588705063,0.3713616132736206,-24.458728790283203,0.05178050696849823,0.07407381385564804,0.4552760422229767,0.08789867162704468
1588,0.24585849046707153,0.40526914596557617,-23.964431762695312,0.05176510289311409,0.07924284040927887,0.5404589176177979,0.16556468605995178
1589,0.18512237071990967,0.3858286738395691,-24.18663215637207,0.051749713718891144,0.07810743153095245,0.5715510249137878,0.11462219059467316
1590,0.2721732258796692,0.36033445596694946,-24.569486618041992,0.051734305918216705,0.0765681117773056,0.5969536900520325,0.10947054624557495
1591,0.17806828022003174,0.3654371201992035,-23.82257080078125,0.05171893909573555,0.07810948044061661,0.5734730958938599,0.14198650419712067
1592,0.2708715796470642,0.4379749000072479,-24.1798095703125,0.05170359089970589,0.07468416541814804,0.40082764625549316,0.11607873439788818
1593,0.20975743234157562,0.3935542404651642,-24.338584899902344,0.05168824642896652,0.0754833072423935,0.19343768060207367,0.11048933863639832
1594,0.3267810344696045,0.3673834502696991,-24.425006866455078,0.05167289078235626,0.07466024905443192,0.7068656086921692,0.1404048204421997
1595,0.3287827968597412,0.39332401752471924,-24.13321876525879,0.05165755748748779,0.07507725805044174,1.1813288927078247,0.08668192476034164
1596,0.23378333449363708,0.40016430616378784,-24.451753616333008,0.05164221301674843,0.07678310573101044,0.5448772311210632,0.09670046716928482
1597,0.2844417989253998,0.5065279006958008,-24.686628341674805,0.05162684991955757,0.0763167217373848,0.4304148256778717,0.09312620013952255
1598,0.21222954988479614,0.4467566907405853,-24.356351852416992,0.05161149054765701,0.07382886856794357,1.0387029647827148,0.13254699110984802
1599,0.21927493810653687,0.3342355787754059,-24.42082977294922,0.05159613490104675,0.0760333240032196,0.5877109169960022,0.10795402526855469
1600,0.2807869017124176,0.4668915867805481,-24.338178634643555,0.05158078670501709,0.07534917443990707,0.6748824715614319,0.1168014258146286
1601,0.21677759289741516,0.3645528554916382,-23.834842681884766,0.05156547576189041,0.07683832943439484,0.7665573358535767,0.10278608649969101
1602,0.30212831497192383,0.3594334125518799,-23.986976623535156,0.051550187170505524,0.07717640697956085,0.6633539199829102,0.10054989904165268
1603,0.22397032380104065,0.34854447841644287,-23.78595542907715,0.05153493583202362,0.07967940717935562,0.35686585307121277,0.15981267392635345
1604,0.22950789332389832,0.32810351252555847,-24.118228912353516,0.051519688218832016,0.0780288353562355,0.3223278820514679,0.08110525459051132
1605,0.2052476704120636,0.2360834777355194,-24.365459442138672,0.05150444805622101,0.07787014544010162,0.4619602859020233,0.11746992915868759
1606,0.26334843039512634,0.4869363009929657,-23.88443374633789,0.05148923769593239,0.07485165446996689,0.6726562976837158,0.11909111589193344
1607,0.2277245819568634,0.3567579388618469,-24.048185348510742,0.05147402733564377,0.0762065052986145,0.38330724835395813,0.10389772802591324
1608,0.19747352600097656,0.3563511371612549,-23.778196334838867,0.051458850502967834,0.083344966173172,0.6936325430870056,0.08830831944942474
1609,0.2764427661895752,0.4235669672489166,-24.210466384887695,0.0514436736702919,0.07250119000673294,1.136888861656189,0.16611896455287933
1610,0.2212720513343811,0.3878437876701355,-23.92437171936035,0.05142851918935776,0.07678761333227158,0.3823142647743225,0.12524732947349548
1611,0.22092539072036743,0.4096176028251648,-24.3077449798584,0.051413364708423615,0.08054862916469574,0.5820098519325256,0.125349760055542
1612,0.15856368839740753,0.34697920083999634,-24.496440887451172,0.05139819160103798,0.07785458117723465,0.8516713976860046,0.12531083822250366
1613,0.2681835889816284,0.4376867711544037,-23.887094497680664,0.051383037120103836,0.07783006876707077,0.7036747932434082,0.1336839646100998
1614,0.25784263014793396,0.4008367955684662,-23.856502532958984,0.05136790871620178,0.08082365244626999,0.5896876454353333,0.1402939260005951
1615,0.25808969140052795,0.4467644989490509,-23.916555404663086,0.05135279893875122,0.07955217361450195,0.40222132205963135,0.19298961758613586
1616,0.33730003237724304,0.40701064467430115,-24.507755279541016,0.05133766680955887,0.0744960755109787,0.6890358924865723,0.10019062459468842
1617,0.29648274183273315,0.4310730993747711,-24.438980102539062,0.05132252722978592,0.07865507900714874,1.0366668701171875,0.10860724747180939
1618,0.17875733971595764,0.37317943572998047,-24.445972442626953,0.05130736902356148,0.07842870056629181,1.3450556993484497,0.10423386096954346
1619,0.2858920097351074,0.42427048087120056,-24.127559661865234,0.05129222944378853,0.07808402925729752,0.5152572989463806,0.11668002605438232
1620,0.14383114874362946,0.27414917945861816,-24.608524322509766,0.05127706751227379,0.07892509549856186,0.7598546743392944,0.10090558975934982
1621,0.26059791445732117,0.36221399903297424,-23.948299407958984,0.05126192048192024,0.08125125616788864,0.9388207793235779,0.13471996784210205
1622,0.41626229882240295,0.3830447494983673,-23.95108985900879,0.05124680697917938,0.07871340960264206,1.6428736448287964,0.180769681930542
1623,0.09861615300178528,0.31257641315460205,-23.85326385498047,0.05123170465230942,0.07594919204711914,0.4566493034362793,0.15289144217967987
1624,0.2668890953063965,0.29987460374832153,-24.44793701171875,0.051216598600149155,0.07996144890785217,1.0480111837387085,0.10564601421356201
1625,0.22618064284324646,0.362697571516037,-24.568729400634766,0.0512014701962471,0.07536861300468445,0.5086231231689453,0.1310250461101532
1626,0.36944323778152466,0.4946151673793793,-24.2910099029541,0.051186349242925644,0.08020130544900894,0.998271107673645,0.10662643611431122
1627,0.30816197395324707,0.3644615411758423,-23.942100524902344,0.05117124319076538,0.0787535011768341,0.5667626261711121,0.11705461144447327
1628,0.26098525524139404,0.4291062355041504,-24.320907592773438,0.051156140863895416,0.07957367599010468,0.6312906742095947,0.13028089702129364
1629,0.26833266019821167,0.43235138058662415,-24.391311645507812,0.051141031086444855,0.0721939355134964,0.3704957962036133,0.13245943188667297
1630,0.2011885643005371,0.3855147957801819,-24.028520584106445,0.051125939935445786,0.0807977169752121,0.6410835981369019,0.10275708138942719
1631,0.28836435079574585,0.4183429181575775,-24.680204391479492,0.051110826432704926,0.07557261735200882,0.36546188592910767,0.09351059794425964
1632,0.28001874685287476,0.4159768223762512,-24.072574615478516,0.05109573155641556,0.07745236158370972,0.757638156414032,0.11037226021289825
1633,0.2624889612197876,0.3836003541946411,-24.223392486572266,0.05108064040541649,0.07905788719654083,1.0542502403259277,0.11990556865930557
1634,0.2136973738670349,0.389390230178833,-24.613052368164062,0.05106552690267563,0.077652707695961,0.4519966244697571,0.11842204630374908
1635,0.1643846333026886,0.4329313039779663,-24.61737632751465,0.051050394773483276,0.08060114830732346,1.2539705038070679,0.09621479362249374
1636,0.22859758138656616,0.41638320684432983,-24.339229583740234,0.05103527009487152,0.0751880556344986,0.4299357235431671,0.09872008115053177
1637,0.16578006744384766,0.29051822423934937,-24.249258041381836,0.05102016031742096,0.07596179097890854,0.6736791729927063,0.1327127367258072
1638,0.1999512016773224,0.4074404835700989,-24.025999069213867,0.05100506544113159,0.07713660597801208,0.82862788438797,0.09719797968864441
1639,0.22327107191085815,0.4353809356689453,-24.39807891845703,0.05098997801542282,0.0766688734292984,0.2853710651397705,0.060067515820264816
1640,0.2207448035478592,0.3997022211551666,-24.249874114990234,0.05097489058971405,0.08347930014133453,0.4357404112815857,0.11214104294776917
1641,0.24678507447242737,0.4276778995990753,-24.145315170288086,0.05095982551574707,0.07758393883705139,0.6821833848953247,0.0895739197731018
1642,0.20514704287052155,0.23156243562698364,-24.34086036682129,0.05094476044178009,0.07820688933134079,0.8517782092094421,0.0788344070315361
1643,0.3205517530441284,0.2880440950393677,-24.408462524414062,0.05092969164252281,0.07843280583620071,1.0456790924072266,0.11864049732685089
1644,0.2736338973045349,0.32459262013435364,-24.327892303466797,0.05091462284326553,0.07664040476083755,0.9946804642677307,0.10512257367372513
1645,0.16060519218444824,0.4328671991825104,-24.329133987426758,0.05089956149458885,0.07954159379005432,0.4209986925125122,0.1213964894413948
1646,0.14462946355342865,0.3526109755039215,-24.386375427246094,0.050884492695331573,0.07628384232521057,0.44050753116607666,0.13532964885234833
1647,0.24167579412460327,0.3518234193325043,-23.94264030456543,0.050869449973106384,0.07739070057868958,0.38808301091194153,0.14291177690029144
1648,0.1974400281906128,0.41091257333755493,-24.023969650268555,0.05085443705320358,0.0769340842962265,0.4905315935611725,0.15374447405338287
1649,0.27992141246795654,0.3624807298183441,-24.606569290161133,0.05083940550684929,0.07674822211265564,0.7385259866714478,0.11925403028726578
1650,0.4232932925224304,0.5000205039978027,-24.343849182128906,0.050824377685785294,0.07695115357637405,0.6877123117446899,0.11822251975536346
1651,0.27473196387290955,0.4139679968357086,-24.045265197753906,0.05080936476588249,0.08175911009311676,0.4546516537666321,0.0805576741695404
1652,0.21019142866134644,0.3037264347076416,-24.49344825744629,0.05079434812068939,0.07372128963470459,0.4016331732273102,0.12901540100574493
1653,0.3269112706184387,0.5368815064430237,-24.049236297607422,0.05077934265136719,0.07686059176921844,0.68865966796875,0.13398846983909607
1654,0.23406292498111725,0.42744600772857666,-24.3668155670166,0.05076434463262558,0.07536067813634872,0.5258811712265015,0.12832479178905487
1655,0.25079572200775146,0.5424885749816895,-23.901765823364258,0.05074937641620636,0.07754725217819214,0.2927357852458954,0.09547725319862366
1656,0.21195268630981445,0.4683505594730377,-24.260107040405273,0.05073441192507744,0.0758560448884964,1.0901820659637451,0.07848136126995087
1657,0.2267785221338272,0.44171497225761414,-24.163854598999023,0.050719451159238815,0.07843142002820969,0.6059072017669678,0.10531891137361526
1658,0.259915292263031,0.4910621643066406,-24.34708595275879,0.05070449411869049,0.07980059832334518,0.7660018801689148,0.1160515621304512
1659,0.1891518086194992,0.35616129636764526,-23.46498680114746,0.05068959295749664,0.08317570388317108,0.7374824285507202,0.13359469175338745
1660,0.2687591314315796,0.5054168701171875,-23.63979148864746,0.05067472904920578,0.08239433914422989,0.7098867893218994,0.1140848845243454
1661,0.2245682328939438,0.37000125646591187,-24.54491424560547,0.05065983533859253,0.07421795278787613,1.3086706399917603,0.15355664491653442
1662,0.36487120389938354,0.42586207389831543,-24.703004837036133,0.05064491927623749,0.07619891315698624,0.9870989322662354,0.1328127384185791
1663,0.25510555505752563,0.45264554023742676,-24.236034393310547,0.05063001066446304,0.07879958301782608,0.5627440810203552,0.08776126801967621
1664,0.18212807178497314,0.36806613206863403,-24.409835815429688,0.0506150908768177,0.07574702054262161,0.6469724774360657,0.1336093693971634
1665,0.3192788362503052,0.3592318892478943,-24.140750885009766,0.05060017853975296,0.07873259484767914,0.7595778703689575,0.11325409263372421
1666,0.16290678083896637,0.3944922685623169,-24.529850006103516,0.05058525875210762,0.07870214432477951,0.3837229013442993,0.09903161972761154
1667,0.13638824224472046,0.3806276023387909,-24.252382278442383,0.05057034268975258,0.07660062611103058,0.384182333946228,0.10783365368843079
1668,0.3794423043727875,0.3978548049926758,-24.475143432617188,0.05055541545152664,0.07608143985271454,1.6846916675567627,0.1278962939977646
1669,0.21217802166938782,0.36759504675865173,-24.088603973388672,0.050540510565042496,0.07694827020168304,0.8678672313690186,0.13752669095993042
1670,0.20609664916992188,0.36122849583625793,-24.54852294921875,0.050525594502687454,0.07638009637594223,0.4001215994358063,0.11134276539087296
1671,0.19644491374492645,0.36039599776268005,-24.5388126373291,0.050510670989751816,0.08244430273771286,0.7555621862411499,0.19405969977378845
1672,0.32457470893859863,0.3644022047519684,-24.107189178466797,0.05049576237797737,0.08133520185947418,0.7699234485626221,0.11693739145994186
1673,0.30612921714782715,0.452117383480072,-24.715280532836914,0.05048083886504173,0.07767176628112793,0.5278174877166748,0.13718949258327484
1674,0.3299539387226105,0.5200783014297485,-23.95989227294922,0.050465937703847885,0.08179979026317596,0.2695483863353729,0.1589200794696808
1675,0.2730187475681305,0.45830926299095154,-24.33368682861328,0.05045104771852493,0.07636724412441254,0.5129991769790649,0.11141551285982132
1676,0.136723130941391,0.4211522936820984,-23.705663681030273,0.05043619126081467,0.08253505825996399,0.638917863368988,0.10462971031665802
1677,0.16685140132904053,0.41099298000335693,-24.455297470092773,0.0504213310778141,0.07817171514034271,0.43532317876815796,0.08963178098201752
1678,0.23650386929512024,0.4408182203769684,-24.299373626708984,0.050406474620103836,0.08218439668416977,0.73073410987854,0.17126528918743134
1679,0.26073774695396423,0.4342707097530365,-23.744768142700195,0.05039164796471596,0.08071421086788177,0.4158107042312622,0.13084176182746887
1680,0.22466447949409485,0.3629947602748871,-23.90284538269043,0.05037684738636017,0.08262687921524048,0.4039066731929779,0.1344250589609146
1681,0.23323661088943481,0.5251050591468811,-24.16284942626953,0.050362054258584976,0.07658665627241135,0.5793997645378113,0.14557476341724396
1682,0.2044173628091812,0.3718734681606293,-23.884611129760742,0.05034728720784187,0.07874257862567902,0.5412933230400085,0.12734836339950562
1683,0.18170630931854248,0.4275638461112976,-24.50263023376465,0.05033250153064728,0.07938109338283539,0.27567726373672485,0.11187752336263657
1684,0.286695659160614,0.44456881284713745,-24.45876693725586,0.05031770467758179,0.07923472672700882,0.9043866991996765,0.10642281919717789
1685,0.32002925872802734,0.4071396589279175,-24.343460083007812,0.050302904099226,0.07567010074853897,0.8290126919746399,0.07335624098777771
1686,0.2656065821647644,0.3754822611808777,-24.280752182006836,0.05028810724616051,0.07706960290670395,1.0162417888641357,0.09473109245300293
1687,0.14016583561897278,0.35161325335502625,-24.604944229125977,0.050273291766643524,0.07260381430387497,0.31360486149787903,0.13844181597232819
1688,0.3246498107910156,0.4670254588127136,-24.238510131835938,0.05025847628712654,0.07879622280597687,0.6853955388069153,0.1116737648844719
1689,0.14912238717079163,0.32465890049934387,-24.22610855102539,0.05024368315935135,0.07341092824935913,0.6473380923271179,0.12328223139047623
1690,0.2346547544002533,0.486819326877594,-24.3924560546875,0.05022887885570526,0.07362174987792969,1.1509093046188354,0.161396786570549
1691,0.23719002306461334,0.4134627878665924,-24.37367057800293,0.05021407827734947,0.07559408247470856,1.3222447633743286,0.10782337933778763
1692,0.1828354001045227,0.37683677673339844,-24.364662170410156,0.050199270248413086,0.07488100230693817,0.321269154548645,0.14763784408569336
1693,0.19924333691596985,0.30758237838745117,-24.412578582763672,0.0501844696700573,0.07526958733797073,0.44161882996559143,0.10543565452098846
1694,0.22125877439975739,0.35047200322151184,-24.395183563232422,0.05016966909170151,0.07992970943450928,0.3669029176235199,0.13083837926387787
1695,0.29416075348854065,0.3780135214328766,-24.20411491394043,0.050154875963926315,0.07664322853088379,1.1433881521224976,0.14523912966251373
1696,0.23986534774303436,0.40304750204086304,-23.97411346435547,0.05014010891318321,0.0837201252579689,0.9736180901527405,0.12872613966464996
1697,0.241737961769104,0.3587498962879181,-24.263408660888672,0.050125349313020706,0.07905498892068863,1.0890182256698608,0.09600930660963058
1698,0.38957178592681885,0.5060412883758545,-24.515047073364258,0.050110578536987305,0.07875768840312958,2.195107936859131,0.09601003676652908
1699,0.15477940440177917,0.4593883156776428,-24.202205657958984,0.0500958152115345,0.07754898816347122,0.3248312771320343,0.0950314998626709
1700,0.21182432770729065,0.5048846006393433,-24.30978775024414,0.050081055611371994,0.07779207825660706,1.5051268339157104,0.10940173268318176
1701,0.21906045079231262,0.5595381259918213,-24.487890243530273,0.050066299736499786,0.07888897508382797,1.3932693004608154,0.10998675227165222
1702,0.34375661611557007,0.5093482732772827,-24.28162384033203,0.05005154758691788,0.08100838959217072,0.6586336493492126,0.1298092156648636
1703,0.2351425588130951,0.49883371591567993,-24.617563247680664,0.050036776810884476,0.08372794091701508,1.2212579250335693,0.1488022655248642
1704,0.2899043560028076,0.4638477563858032,-24.207199096679688,0.05002202093601227,0.08082602173089981,0.7131839394569397,0.1251034140586853
1705,0.242634117603302,0.4004303812980652,-23.733356475830078,0.050007306039333344,0.07986518740653992,0.8097846508026123,0.10978324711322784
1706,0.12349361181259155,0.3283606469631195,-24.59581756591797,0.04999258369207382,0.07405928522348404,0.8364748358726501,0.1196347326040268
1707,0.2848711609840393,0.38330939412117004,-24.381345748901367,0.049977853894233704,0.08047382533550262,0.7828009724617004,0.17495068907737732
1708,0.17152529954910278,0.46612268686294556,-23.941513061523438,0.04996315389871597,0.08260725438594818,0.49444881081581116,0.11309389770030975
1709,0.3277468979358673,0.39317786693573,-24.916061401367188,0.049948420375585556,0.07540669292211533,1.1238065958023071,0.12957613170146942
1710,0.22741281986236572,0.3906531035900116,-24.060985565185547,0.04993370175361633,0.08081173896789551,0.7153515815734863,0.11555744707584381
1711,0.3226631283760071,0.4147084355354309,-24.149188995361328,0.0499190017580986,0.08097539842128754,1.048904538154602,0.12585386633872986
1712,0.26848530769348145,0.37886884808540344,-24.221681594848633,0.049904316663742065,0.07932007312774658,0.6587051153182983,0.1267465353012085
1713,0.35238295793533325,0.5350836515426636,-24.141887664794922,0.04988965019583702,0.07892844825983047,0.9238597750663757,0.12290963530540466
1714,0.17231599986553192,0.4864382743835449,-23.545095443725586,0.04987502098083496,0.07917681336402893,0.2597506642341614,0.13002215325832367
1715,0.2754984498023987,0.557602047920227,-24.171192169189453,0.0498603954911232,0.07944636791944504,0.806623637676239,0.12399401515722275
1716,0.23960541188716888,0.5443099141120911,-23.987699508666992,0.049845799803733826,0.07964729517698288,1.1751776933670044,0.14263078570365906
1717,0.25187933444976807,0.4847646951675415,-24.585670471191406,0.04983118548989296,0.07587450742721558,0.5844761729240417,0.10471223294734955
1718,0.18650056421756744,0.46786436438560486,-23.85038948059082,0.04981659725308418,0.08221956342458725,1.3021533489227295,0.12522073090076447
1719,0.20455119013786316,0.4819386303424835,-24.525691986083984,0.049801990389823914,0.07731002569198608,0.8083215355873108,0.12297726422548294
1720,0.17147430777549744,0.46402508020401,-24.24144744873047,0.04978738725185394,0.07596280425786972,1.5597392320632935,0.13244792819023132
1721,0.2159298062324524,0.3474496006965637,-24.548534393310547,0.04977276548743248,0.07680369913578033,0.6045060157775879,0.11707093566656113
1722,0.2158416509628296,0.5192270278930664,-24.43438148498535,0.04975813627243042,0.07828842103481293,0.489046573638916,0.11209374666213989
1723,0.3585599362850189,0.38688185811042786,-23.92715072631836,0.04974353685975075,0.08027010411024094,1.2085297107696533,0.12235137075185776
1724,0.2046845704317093,0.4223564565181732,-24.016281127929688,0.04972894862294197,0.0779038816690445,0.3744710385799408,0.10395889729261398
1725,0.3562062978744507,0.4882798194885254,-24.187358856201172,0.049714379012584686,0.08042538166046143,1.0145710706710815,0.09741506725549698
1726,0.2487453818321228,0.4873560667037964,-24.907154083251953,0.04969976842403412,0.07576557993888855,0.37784937024116516,0.14087866246700287
1727,0.16050714254379272,0.3467105031013489,-24.708633422851562,0.04968513548374176,0.07173255831003189,0.4579673707485199,0.13893836736679077
1728,0.32188132405281067,0.5051729679107666,-24.37242889404297,0.04967050999403,0.07813309133052826,0.6095250248908997,0.15917573869228363
1729,0.17204366624355316,0.4585491418838501,-23.94982147216797,0.04965591058135033,0.07822172343730927,0.24333253502845764,0.10125377029180527
1730,0.20557229220867157,0.3943471610546112,-23.807361602783203,0.049641337245702744,0.08483783900737762,0.9351961612701416,0.176728293299675
1731,0.12200789153575897,0.37364083528518677,-25.067235946655273,0.04962672293186188,0.07740671187639236,0.7068844437599182,0.09655886888504028
1732,0.16394981741905212,0.4148012101650238,-24.541149139404297,0.049612101167440414,0.0808238759636879,0.4902125298976898,0.1555107980966568
1733,0.2920801639556885,0.44802987575531006,-24.19799041748047,0.049597494304180145,0.07985501736402512,1.1317468881607056,0.11337403953075409
1734,0.2984973192214966,0.48171964287757874,-24.570459365844727,0.04958288371562958,0.07912393659353256,0.48838889598846436,0.14507503807544708
1735,0.18491442501544952,0.4671459197998047,-23.838306427001953,0.049568306654691696,0.08100227266550064,0.4768538177013397,0.1503092497587204
1736,0.22433529794216156,0.37554070353507996,-24.491479873657227,0.049553725868463516,0.07658420503139496,0.7924618124961853,0.13790911436080933
1737,0.2786932587623596,0.5402973890304565,-24.523256301879883,0.04953913763165474,0.07661430537700653,0.3323816955089569,0.10630324482917786
1738,0.22897931933403015,0.4946868121623993,-24.710636138916016,0.04952453076839447,0.07031378895044327,0.8484278917312622,0.16489671170711517
1739,0.23884302377700806,0.4915904700756073,-24.527151107788086,0.0495099276304245,0.07627445459365845,0.44447270035743713,0.1164424940943718
1740,0.27215731143951416,0.4891784191131592,-24.780216217041016,0.04949530214071274,0.07343984395265579,0.5023512840270996,0.13552463054656982
1741,0.2098408043384552,0.47684067487716675,-24.98788070678711,0.04948065057396889,0.07701905071735382,0.9546765089035034,0.12793301045894623
1742,0.24960064888000488,0.5054395198822021,-24.911273956298828,0.049465976655483246,0.07659492641687393,1.142073154449463,0.11130545288324356
1743,0.24273571372032166,0.4998929500579834,-24.205371856689453,0.049451328814029694,0.08071451634168625,0.5937328338623047,0.07664448767900467
1744,0.18905074894428253,0.5036314725875854,-24.230953216552734,0.049436699599027634,0.07989897578954697,0.5105306506156921,0.12868063151836395
1745,0.2683366537094116,0.4506606459617615,-24.842819213867188,0.04942205175757408,0.0771799087524414,0.49290016293525696,0.1454930156469345
1746,0.1794162094593048,0.3402584493160248,-23.74457359313965,0.04940745607018471,0.08220279961824417,0.32509666681289673,0.0912623181939125
1747,0.11502787470817566,0.4072522521018982,-24.37733268737793,0.04939287528395653,0.07992766797542572,0.6218375563621521,0.1558026522397995
1748,0.2706354856491089,0.45654213428497314,-24.735483169555664,0.04937827214598656,0.07921937853097916,0.7454043030738831,0.1280803084373474
1749,0.21541333198547363,0.4428597390651703,-24.49135398864746,0.04936367645859718,0.08068449795246124,0.37118270993232727,0.1082891970872879
1750,0.2261064201593399,0.4263395071029663,-24.723918914794922,0.04934907332062721,0.07682637125253677,0.6262599229812622,0.12738674879074097
1751,0.15234072506427765,0.313266396522522,-24.86885643005371,0.04933445155620575,0.07408871501684189,0.5144633054733276,0.12894262373447418
1752,0.2380988895893097,0.4595177471637726,-24.5015926361084,0.049319833517074585,0.07941000163555145,0.47791972756385803,0.09625453501939774
1753,0.33941829204559326,0.40676653385162354,-24.249311447143555,0.04930524155497551,0.07882043719291687,1.7427258491516113,0.11531401425600052
1754,0.2394016981124878,0.45492488145828247,-23.933578491210938,0.04929069057106972,0.077084019780159,0.5909031629562378,0.14313092827796936
1755,0.21677961945533752,0.4747886061668396,-23.209802627563477,0.049276214092969894,0.08483084291219711,0.5462244153022766,0.1320301741361618
1756,0.2222003936767578,0.5369155406951904,-24.70073890686035,0.04926171898841858,0.07778941839933395,0.2988000512123108,0.086049884557724
1757,0.16669562458992004,0.48632651567459106,-24.45043182373047,0.04924722760915756,0.07831139862537384,0.579346239566803,0.11095865815877914
1758,0.23430916666984558,0.500069260597229,-23.54997444152832,0.049232788383960724,0.0817665234208107,0.9067021012306213,0.13758671283721924
1759,0.2504761517047882,0.5376236438751221,-24.28383445739746,0.049218352884054184,0.0732998326420784,0.41960427165031433,0.14180639386177063
1760,0.1960754692554474,0.359456866979599,-24.100147247314453,0.04920393228530884,0.07967451214790344,0.42386749386787415,0.11050687730312347
1761,0.24494251608848572,0.4292955696582794,-24.487533569335938,0.04918950796127319,0.07686469703912735,0.3868808150291443,0.08870550990104675
1762,0.2591916620731354,0.5324175953865051,-24.25823402404785,0.04917508363723755,0.0815557986497879,1.1553187370300293,0.13055270910263062
1763,0.1770247220993042,0.44117483496665955,-24.23697280883789,0.0491606779396534,0.07985638082027435,0.9091952443122864,0.10344570130109787
1764,0.3024871051311493,0.5086867809295654,-24.65890121459961,0.049146249890327454,0.07825754582881927,0.45581239461898804,0.0995674803853035
1765,0.1825031042098999,0.49604037404060364,-24.024837493896484,0.049131840467453,0.0773114338517189,0.3309383690357208,0.141383558511734
1766,0.38500046730041504,0.4467402994632721,-23.99323844909668,0.04911745712161064,0.07962509989738464,2.025735855102539,0.11013996601104736
1767,0.1271858811378479,0.4635900855064392,-24.32353401184082,0.04910307750105858,0.07936912775039673,0.7012426853179932,0.11393405497074127
1768,0.342456191778183,0.5616430044174194,-24.389982223510742,0.04908869415521622,0.07607255131006241,0.6316648125648499,0.13325773179531097
1769,0.2445652186870575,0.47854673862457275,-24.76683807373047,0.049074288457632065,0.07519803196191788,0.3516344726085663,0.15994730591773987
1770,0.24217042326927185,0.5905990600585938,-24.56549644470215,0.049059875309467316,0.0742327943444252,0.4871573746204376,0.14627790451049805
1771,0.33663874864578247,0.5778962969779968,-23.655078887939453,0.04904550313949585,0.07891477644443512,0.9510577917098999,0.10816482454538345
1772,0.13226529955863953,0.424599289894104,-24.220651626586914,0.04903114587068558,0.07752150297164917,0.5484201908111572,0.14452208578586578
1773,0.1730150580406189,0.5363604426383972,-23.995525360107422,0.0490168035030365,0.07914668321609497,0.43299978971481323,0.1165708526968956
1774,0.1764451265335083,0.483073890209198,-23.8015193939209,0.04900249093770981,0.08282551914453506,1.335382103919983,0.10957208275794983
1775,0.18513374030590057,0.3774673342704773,-24.592777252197266,0.04898815602064133,0.07980425655841827,0.39037615060806274,0.12490355968475342
1776,0.2688008248806,0.49493953585624695,-23.815166473388672,0.04897386208176613,0.08110688626766205,0.3912586569786072,0.07875002920627594
1777,0.27858564257621765,0.42613616585731506,-23.97675132751465,0.04895958676934242,0.08155561238527298,0.49878573417663574,0.11716391146183014
1778,0.20771156251430511,0.4231986999511719,-23.823640823364258,0.04894533380866051,0.08097822964191437,0.4520140588283539,0.07769455015659332
1779,0.26181846857070923,0.5330718755722046,-24.087154388427734,0.04893108829855919,0.08452938497066498,0.6754830479621887,0.11215373873710632
1780,0.188809335231781,0.3515399098396301,-24.38408660888672,0.048916835337877274,0.07947113364934921,1.1517199277877808,0.14232735335826874
1781,0.19810926914215088,0.5044897198677063,-24.65361213684082,0.04890254884958267,0.07854945957660675,0.7516034245491028,0.1034916564822197
1782,0.24356061220169067,0.4718860685825348,-24.295589447021484,0.04888826981186867,0.08433037996292114,0.830821692943573,0.10578396916389465
1783,0.30718040466308594,0.4613850712776184,-24.576396942138672,0.04887396842241287,0.07542455941438675,1.04649817943573,0.0852193757891655
1784,0.2847755551338196,0.5590806603431702,-24.77311897277832,0.04885965213179588,0.07572035491466522,0.5589133501052856,0.11514957994222641
1785,0.2785834074020386,0.6047571301460266,-25.19091033935547,0.048845287412405014,0.07377167791128159,0.8146461844444275,0.154367133975029
1786,0.2461984008550644,0.5822910070419312,-24.574323654174805,0.048830918967723846,0.0783548429608345,0.5428605675697327,0.12953700125217438
1787,0.3187062442302704,0.604400634765625,-24.115009307861328,0.04881656914949417,0.08085072040557861,0.4979633092880249,0.10255943238735199
1788,0.29410403966903687,0.49274396896362305,-24.260005950927734,0.04880223050713539,0.07925338298082352,0.5702313780784607,0.08558531105518341
1789,0.34512394666671753,0.5238611698150635,-24.148204803466797,0.048787910491228104,0.07554252445697784,0.4934801161289215,0.12705253064632416
1790,0.19695112109184265,0.5094895958900452,-24.34975814819336,0.048773594200611115,0.07934370636940002,0.9596232771873474,0.09762585163116455
1791,0.17823535203933716,0.556576669216156,-24.546533584594727,0.04875927045941353,0.07917409390211105,0.8501150608062744,0.10098563879728317
1792,0.26205599308013916,0.5283785462379456,-24.073043823242188,0.04874497279524803,0.07936076074838638,0.7192856669425964,0.09842084348201752
1793,0.19762757420539856,0.518129825592041,-24.22418975830078,0.04873069003224373,0.07928545773029327,0.34151142835617065,0.11589992046356201
1794,0.22381699085235596,0.39196276664733887,-24.352279663085938,0.04871641471982002,0.07674986124038696,0.342847615480423,0.08322728425264359
1795,0.2925972044467926,0.5253947377204895,-24.27252197265625,0.048702143132686615,0.0813329815864563,0.341164231300354,0.11220251768827438
1796,0.2056732177734375,0.4957771301269531,-23.957189559936523,0.0486878976225853,0.080299973487854,0.5980297327041626,0.0913945809006691
1797,0.19566211104393005,0.5033765435218811,-24.58907699584961,0.048673633486032486,0.08050215244293213,0.696320652961731,0.12899595499038696
1798,0.16359521448612213,0.4443298578262329,-23.91368865966797,0.04865940660238266,0.07999968528747559,0.2702421545982361,0.11649105697870255
1799,0.37533265352249146,0.4731273949146271,-23.829328536987305,0.04864520952105522,0.07745860517024994,0.8178160786628723,0.13487258553504944
1800,0.22329899668693542,0.46772658824920654,-24.022342681884766,0.04863102734088898,0.07706142961978912,0.40889111161231995,0.14634115993976593
